Vehicle_ID,Vehicle_Type,Color,Speed_KMH,Plate_Number,Timestamp,Violation_Status
1,Motorcycle,Red,45.7,TS42EP2712,2026-06-20 13:17:23,Safe
1,Motorcycle,Red,45.7,TS42EP2712,2026-06-20 13:17:24,Safe
1,Motorcycle,Red,45.7,TS42EP2712,2026-06-20 13:17:25,Safe
1,Motorcycle,Red,45.7,TS42EP2712,2026-06-20 13:17:26,Safe
1,Motorcycle,Red,45.7,TS42EP2712,2026-06-20 13:17:27,Safe
1,Motorcycle,Red,45.7,TS42EP2712,2026-06-20 13:17:28,Safe
2,Bus,Black,51.9,TS60YW8464,2026-06-20 13:17:43,Safe
2,Bus,Black,51.9,TS60YW8464,2026-06-20 13:17:44,Safe
2,Bus,Black,51.9,TS60YW8464,2026-06-20 13:17:45,Safe
3,Car,White,89.4,AP65EM6906,2026-06-20 13:17:45,Overspeed
2,Bus,Black,51.9,TS60YW8464,2026-06-20 13:17:46,Safe
3,Car,White,89.4,AP65EM6906,2026-06-20 13:17:46,Overspeed
4,Motorcycle,Red,52.9,KA50UN7189,2026-06-20 13:17:47,Safe
2,Bus,Black,51.9,TS60YW8464,2026-06-20 13:17:47,Safe
3,Car,White,89.4,AP65EM6906,2026-06-20 13:17:47,Overspeed
4,Motorcycle,Red,52.9,KA50UN7189,2026-06-20 13:17:48,Safe
2,Bus,Black,51.9,TS60YW8464,2026-06-20 13:17:48,Safe
3,Car,White,89.4,AP65EM6906,2026-06-20 13:17:48,Overspeed
4,Motorcycle,Red,52.9,KA50UN7189,2026-06-20 13:17:49,Safe
5,Bus,Red,55.0,UP58HY7714,2026-06-20 13:17:49,Safe
2,Bus,Black,51.9,TS60YW8464,2026-06-20 13:17:49,Safe
3,Car,White,89.4,AP65EM6906,2026-06-20 13:17:49,Overspeed
4,Motorcycle,Red,52.9,KA50UN7189,2026-06-20 13:17:50,Safe
5,Bus,Red,55.0,UP58HY7714,2026-06-20 13:17:50,Safe
6,Car,White,46.4,AP56JW2698,2026-06-20 13:17:50,Safe
2,Bus,Black,51.9,TS60YW8464,2026-06-20 13:17:50,Safe
4,Motorcycle,Red,52.9,KA50UN7189,2026-06-20 13:17:51,Safe
5,Bus,Red,55.0,UP58HY7714,2026-06-20 13:17:51,Safe
6,Car,White,46.4,AP56JW2698,2026-06-20 13:17:51,Safe
2,Bus,Black,51.9,TS60YW8464,2026-06-20 13:17:51,Safe
4,Motorcycle,Red,52.9,KA50UN7189,2026-06-20 13:17:52,Safe
5,Bus,Red,55.0,UP58HY7714,2026-06-20 13:17:52,Safe
6,Car,White,46.4,AP56JW2698,2026-06-20 13:17:52,Safe
4,Motorcycle,Red,52.9,KA50UN7189,2026-06-20 13:17:53,Safe
5,Bus,Red,55.0,UP58HY7714,2026-06-20 13:17:53,Safe
6,Car,White,46.4,AP56JW2698,2026-06-20 13:17:53,Safe
7,Truck,White,42.3,HR28JZ8028,2026-06-20 13:17:54,Safe
4,Motorcycle,Red,52.9,KA50UN7189,2026-06-20 13:17:54,Safe
5,Bus,Red,55.0,UP58HY7714,2026-06-20 13:17:54,Safe
6,Car,White,46.4,AP56JW2698,2026-06-20 13:17:54,Safe
7,Truck,White,42.3,HR28JZ8028,2026-06-20 13:17:55,Safe
5,Bus,Red,55.0,UP58HY7714,2026-06-20 13:17:55,Safe
6,Car,White,46.4,AP56JW2698,2026-06-20 13:17:55,Safe
7,Truck,White,42.3,HR28JZ8028,2026-06-20 13:17:56,Safe
5,Bus,Red,55.0,UP58HY7714,2026-06-20 13:17:56,Safe
6,Car,White,46.4,AP56JW2698,2026-06-20 13:17:56,Safe
7,Truck,White,42.3,HR28JZ8028,2026-06-20 13:17:57,Safe
6,Car,White,46.4,AP56JW2698,2026-06-20 13:17:57,Safe
7,Truck,White,42.3,HR28JZ8028,2026-06-20 13:17:58,Safe
6,Car,White,46.4,AP56JW2698,2026-06-20 13:17:58,Safe
7,Truck,White,42.3,HR28JZ8028,2026-06-20 13:17:59,Safe
8,Motorcycle,Yellow,54.2,MH62IS3169,2026-06-20 13:17:59,Safe
7,Truck,White,42.3,HR28JZ8028,2026-06-20 13:18:00,Safe
8,Motorcycle,Yellow,54.2,MH62IS3169,2026-06-20 13:18:00,Safe
7,Truck,White,42.3,HR28JZ8028,2026-06-20 13:18:01,Safe
8,Motorcycle,Yellow,54.2,MH62IS3169,2026-06-20 13:18:01,Safe
7,Truck,White,42.3,HR28JZ8028,2026-06-20 13:18:02,Safe
9,Car,Black,92.5,UP34TN7960,2026-06-20 13:18:02,Overspeed
8,Motorcycle,Yellow,54.2,MH62IS3169,2026-06-20 13:18:02,Safe
7,Truck,White,42.3,HR28JZ8028,2026-06-20 13:18:03,Safe
9,Car,Black,92.5,UP34TN7960,2026-06-20 13:18:03,Overspeed
8,Motorcycle,Yellow,54.2,MH62IS3169,2026-06-20 13:18:04,Safe
7,Truck,White,42.3,HR28JZ8028,2026-06-20 13:18:04,Safe
9,Car,Black,92.5,UP34TN7960,2026-06-20 13:18:04,Overspeed
8,Motorcycle,Yellow,54.2,MH62IS3169,2026-06-20 13:18:05,Safe
9,Car,Black,92.5,UP34TN7960,2026-06-20 13:18:05,Overspeed
8,Motorcycle,Yellow,54.2,MH62IS3169,2026-06-20 13:18:06,Safe
9,Car,Black,92.5,UP34TN7960,2026-06-20 13:18:06,Overspeed
8,Motorcycle,Yellow,54.2,MH62IS3169,2026-06-20 13:18:07,Safe
10,Car,Green,35.5,KA65RN8726,2026-06-20 13:18:07,Safe
9,Car,Black,92.5,UP34TN7960,2026-06-20 13:18:08,Overspeed
10,Car,Green,35.5,KA65RN8726,2026-06-20 13:18:08,Safe
11,Car,Green,41.1,KA62WN1498,2026-06-20 13:18:08,Safe
10,Car,Green,35.5,KA65RN8726,2026-06-20 13:18:09,Safe
11,Car,Green,41.1,KA62WN1498,2026-06-20 13:18:10,Safe
10,Car,Green,35.5,KA65RN8726,2026-06-20 13:18:11,Safe
11,Car,Green,41.1,KA62WN1498,2026-06-20 13:18:11,Safe
10,Car,Green,35.5,KA65RN8726,2026-06-20 13:18:12,Safe
11,Car,Green,41.1,KA62WN1498,2026-06-20 13:18:12,Safe
10,Car,Green,35.5,KA65RN8726,2026-06-20 13:18:13,Safe
11,Car,Green,41.1,KA62WN1498,2026-06-20 13:18:13,Safe
10,Car,Green,35.5,KA65RN8726,2026-06-20 13:18:14,Safe
11,Car,Green,41.1,KA62WN1498,2026-06-20 13:18:14,Safe
10,Car,Green,35.5,KA65RN8726,2026-06-20 13:18:15,Safe
11,Car,Green,41.1,KA62WN1498,2026-06-20 13:18:15,Safe
12,Car,Gray,74.7,AP86VS3601,2026-06-20 13:18:15,Overspeed
10,Car,Green,35.5,KA65RN8726,2026-06-20 13:18:16,Safe
11,Car,Green,41.1,KA62WN1498,2026-06-20 13:18:16,Safe
12,Car,Gray,74.7,AP86VS3601,2026-06-20 13:18:16,Overspeed
10,Car,Green,35.5,KA65RN8726,2026-06-20 13:18:17,Safe
11,Car,Green,41.1,KA62WN1498,2026-06-20 13:18:17,Safe
13,Car,Gray,40.9,HR55NO3764,2026-06-20 13:18:17,Safe
12,Car,Gray,74.7,AP86VS3601,2026-06-20 13:18:17,Overspeed
10,Car,Green,35.5,KA65RN8726,2026-06-20 13:18:18,Safe
11,Car,Green,41.1,KA62WN1498,2026-06-20 13:18:18,Safe
13,Car,Gray,40.9,HR55NO3764,2026-06-20 13:18:18,Safe
12,Car,Gray,74.7,AP86VS3601,2026-06-20 13:18:19,Overspeed
10,Car,Green,35.5,KA65RN8726,2026-06-20 13:18:19,Safe
11,Car,Green,41.1,KA62WN1498,2026-06-20 13:18:19,Safe
13,Car,Gray,40.9,HR55NO3764,2026-06-20 13:18:19,Safe
12,Car,Gray,74.7,AP86VS3601,2026-06-20 13:18:20,Overspeed
10,Car,Green,35.5,KA65RN8726,2026-06-20 13:18:20,Safe
11,Car,Green,41.1,KA62WN1498,2026-06-20 13:18:20,Safe
13,Car,Gray,40.9,HR55NO3764,2026-06-20 13:18:21,Safe
12,Car,Gray,74.7,AP86VS3601,2026-06-20 13:18:21,Overspeed
10,Car,Green,35.5,KA65RN8726,2026-06-20 13:18:22,Safe
11,Car,Green,41.1,KA62WN1498,2026-06-20 13:18:22,Safe
13,Car,Gray,40.9,HR55NO3764,2026-06-20 13:18:22,Safe
12,Car,Gray,74.7,AP86VS3601,2026-06-20 13:18:22,Overspeed
10,Car,Green,35.5,KA65RN8726,2026-06-20 13:18:23,Safe
13,Car,Gray,40.9,HR55NO3764,2026-06-20 13:18:23,Safe
12,Car,Gray,74.7,AP86VS3601,2026-06-20 13:18:23,Overspeed
13,Car,Gray,40.9,HR55NO3764,2026-06-20 13:18:24,Safe
12,Car,Gray,74.7,AP86VS3601,2026-06-20 13:18:24,Overspeed
14,Car,Black,39.7,DL86BK1459,2026-06-20 13:18:25,Safe
13,Car,Gray,40.9,HR55NO3764,2026-06-20 13:18:25,Safe
12,Car,Gray,74.7,AP86VS3601,2026-06-20 13:18:25,Overspeed
14,Car,Black,39.7,DL86BK1459,2026-06-20 13:18:26,Safe
13,Car,Gray,40.9,HR55NO3764,2026-06-20 13:18:26,Safe
14,Car,Black,39.7,DL86BK1459,2026-06-20 13:18:27,Safe
13,Car,Gray,40.9,HR55NO3764,2026-06-20 13:18:27,Safe
14,Car,Black,39.7,DL86BK1459,2026-06-20 13:18:28,Safe
13,Car,Gray,40.9,HR55NO3764,2026-06-20 13:18:28,Safe
14,Car,Black,39.7,DL86BK1459,2026-06-20 13:18:29,Safe
15,Bus,Black,91.8,TS23YZ8206,2026-06-20 13:18:29,Overspeed
13,Car,Gray,40.9,HR55NO3764,2026-06-20 13:18:29,Safe
14,Car,Black,39.7,DL86BK1459,2026-06-20 13:18:30,Safe
15,Bus,Black,91.8,TS23YZ8206,2026-06-20 13:18:30,Overspeed
13,Car,Gray,40.9,HR55NO3764,2026-06-20 13:18:30,Safe
14,Car,Black,39.7,DL86BK1459,2026-06-20 13:18:31,Safe
15,Bus,Black,91.8,TS23YZ8206,2026-06-20 13:18:31,Overspeed
13,Car,Gray,40.9,HR55NO3764,2026-06-20 13:18:31,Safe
14,Car,Black,39.7,DL86BK1459,2026-06-20 13:18:32,Safe
15,Bus,Black,91.8,TS23YZ8206,2026-06-20 13:18:32,Overspeed
13,Car,Gray,40.9,HR55NO3764,2026-06-20 13:18:32,Safe
14,Car,Black,39.7,DL86BK1459,2026-06-20 13:18:33,Safe
15,Bus,Black,91.8,TS23YZ8206,2026-06-20 13:18:33,Overspeed
13,Car,Gray,40.9,HR55NO3764,2026-06-20 13:18:33,Safe
14,Car,Black,39.7,DL86BK1459,2026-06-20 13:18:34,Safe
15,Bus,Black,91.8,TS23YZ8206,2026-06-20 13:18:34,Overspeed
14,Car,Black,39.7,DL86BK1459,2026-06-20 13:18:35,Safe
15,Bus,Black,91.8,TS23YZ8206,2026-06-20 13:18:35,Overspeed
14,Car,Black,39.7,DL86BK1459,2026-06-20 13:18:36,Safe
14,Car,Black,39.7,DL86BK1459,2026-06-20 13:18:37,Safe
14,Car,Black,39.7,DL86BK1459,2026-06-20 13:18:38,Safe
16,Car,Yellow,45.0,HR79FU4734,2026-06-20 13:18:46,Safe
16,Car,Yellow,45.0,HR79FU4734,2026-06-20 13:18:47,Safe
16,Car,Yellow,45.0,HR79FU4734,2026-06-20 13:18:48,Safe
16,Car,Yellow,45.0,HR79FU4734,2026-06-20 13:18:49,Safe
17,Car,White,36.3,UP89SL4457,2026-06-20 13:18:50,Safe
16,Car,Yellow,45.0,HR79FU4734,2026-06-20 13:18:50,Safe
17,Car,White,36.3,UP89SL4457,2026-06-20 13:18:51,Safe
16,Car,Yellow,45.0,HR79FU4734,2026-06-20 13:18:51,Safe
17,Car,White,36.3,UP89SL4457,2026-06-20 13:18:52,Safe
16,Car,Yellow,45.0,HR79FU4734,2026-06-20 13:18:52,Safe
16,Car,Yellow,45.0,HR79FU4734,2026-06-20 13:18:53,Safe
17,Car,White,36.3,UP89SL4457,2026-06-20 13:18:53,Safe
16,Car,Yellow,45.0,HR79FU4734,2026-06-20 13:18:54,Safe
17,Car,White,36.3,UP89SL4457,2026-06-20 13:18:54,Safe
16,Car,Yellow,45.0,HR79FU4734,2026-06-20 13:18:55,Safe
17,Car,White,36.3,UP89SL4457,2026-06-20 13:18:55,Safe
18,Car,Red,35.6,UP37AA5579,2026-06-20 13:18:56,Safe
16,Car,Yellow,45.0,HR79FU4734,2026-06-20 13:18:56,Safe
17,Car,White,36.3,UP89SL4457,2026-06-20 13:18:56,Safe
18,Car,Red,35.6,UP37AA5579,2026-06-20 13:18:57,Safe
16,Car,Yellow,45.0,HR79FU4734,2026-06-20 13:18:57,Safe
17,Car,White,36.3,UP89SL4457,2026-06-20 13:18:57,Safe
18,Car,Red,35.6,UP37AA5579,2026-06-20 13:18:58,Safe
16,Car,Yellow,45.0,HR79FU4734,2026-06-20 13:18:58,Safe
17,Car,White,36.3,UP89SL4457,2026-06-20 13:18:58,Safe
18,Car,Red,35.6,UP37AA5579,2026-06-20 13:18:59,Safe
16,Car,Yellow,45.0,HR79FU4734,2026-06-20 13:18:59,Safe
17,Car,White,36.3,UP89SL4457,2026-06-20 13:19:00,Safe
18,Car,Red,35.6,UP37AA5579,2026-06-20 13:19:00,Safe
16,Car,Yellow,45.0,HR79FU4734,2026-06-20 13:19:00,Safe
17,Car,White,36.3,UP89SL4457,2026-06-20 13:19:01,Safe
18,Car,Red,35.6,UP37AA5579,2026-06-20 13:19:01,Safe
17,Car,White,36.3,UP89SL4457,2026-06-20 13:19:02,Safe
18,Car,Red,35.6,UP37AA5579,2026-06-20 13:19:02,Safe
17,Car,White,36.3,UP89SL4457,2026-06-20 13:19:03,Safe
18,Car,Red,35.6,UP37AA5579,2026-06-20 13:19:03,Safe
17,Car,White,36.3,UP89SL4457,2026-06-20 13:19:04,Safe
18,Car,Red,35.6,UP37AA5579,2026-06-20 13:19:04,Safe
17,Car,White,36.3,UP89SL4457,2026-06-20 13:19:05,Safe
19,Car,White,38.9,AP15YZ6481,2026-06-20 13:19:05,Safe
18,Car,Red,35.6,UP37AA5579,2026-06-20 13:19:05,Safe
17,Car,White,36.3,UP89SL4457,2026-06-20 13:19:06,Safe
19,Car,White,38.9,AP15YZ6481,2026-06-20 13:19:06,Safe
18,Car,Red,35.6,UP37AA5579,2026-06-20 13:19:06,Safe
20,Car,White,81.2,DL23WI9315,2026-06-20 13:19:07,Overspeed
19,Car,White,38.9,AP15YZ6481,2026-06-20 13:19:07,Safe
18,Car,Red,35.6,UP37AA5579,2026-06-20 13:19:07,Safe
20,Car,White,81.2,DL23WI9315,2026-06-20 13:19:07,Overspeed
19,Car,White,38.9,AP15YZ6481,2026-06-20 13:19:08,Safe
18,Car,Red,35.6,UP37AA5579,2026-06-20 13:19:08,Safe
20,Car,White,81.2,DL23WI9315,2026-06-20 13:19:09,Overspeed
21,Motorcycle,Gray,48.6,HR52UF3969,2026-06-20 13:19:09,Safe
19,Car,White,38.9,AP15YZ6481,2026-06-20 13:19:09,Safe
18,Car,Red,35.6,UP37AA5579,2026-06-20 13:19:10,Safe
20,Car,White,81.2,DL23WI9315,2026-06-20 13:19:10,Overspeed
21,Motorcycle,Gray,48.6,HR52UF3969,2026-06-20 13:19:10,Safe
19,Car,White,38.9,AP15YZ6481,2026-06-20 13:19:10,Safe
20,Car,White,81.2,DL23WI9315,2026-06-20 13:19:11,Overspeed
21,Motorcycle,Gray,48.6,HR52UF3969,2026-06-20 13:19:11,Safe
19,Car,White,38.9,AP15YZ6481,2026-06-20 13:19:11,Safe
22,Truck,White,90.8,TS57OP1078,2026-06-20 13:19:12,Overspeed
20,Car,White,81.2,DL23WI9315,2026-06-20 13:19:12,Overspeed
21,Motorcycle,Gray,48.6,HR52UF3969,2026-06-20 13:19:12,Safe
19,Car,White,38.9,AP15YZ6481,2026-06-20 13:19:12,Safe
22,Truck,White,90.8,TS57OP1078,2026-06-20 13:19:13,Overspeed
20,Car,White,81.2,DL23WI9315,2026-06-20 13:19:13,Overspeed
21,Motorcycle,Gray,48.6,HR52UF3969,2026-06-20 13:19:13,Safe
19,Car,White,38.9,AP15YZ6481,2026-06-20 13:19:13,Safe
22,Truck,White,90.8,TS57OP1078,2026-06-20 13:19:14,Overspeed
21,Motorcycle,Gray,48.6,HR52UF3969,2026-06-20 13:19:14,Safe
19,Car,White,38.9,AP15YZ6481,2026-06-20 13:19:14,Safe
22,Truck,White,90.8,TS57OP1078,2026-06-20 13:19:15,Overspeed
21,Motorcycle,Gray,48.6,HR52UF3969,2026-06-20 13:19:15,Safe
19,Car,White,38.9,AP15YZ6481,2026-06-20 13:19:15,Safe
23,Car,Gray,45.4,KA96CH1277,2026-06-20 13:19:16,Safe
22,Truck,White,90.8,TS57OP1078,2026-06-20 13:19:16,Overspeed
21,Motorcycle,Gray,48.6,HR52UF3969,2026-06-20 13:19:16,Safe
23,Car,Gray,45.4,KA96CH1277,2026-06-20 13:19:17,Safe
24,Car,Yellow,46.8,DL21GK6616,2026-06-20 13:19:17,Safe
23,Car,Gray,45.4,KA96CH1277,2026-06-20 13:19:18,Safe
24,Car,Yellow,46.8,DL21GK6616,2026-06-20 13:19:18,Safe
23,Car,Gray,45.4,KA96CH1277,2026-06-20 13:19:19,Safe
25,Car,Black,48.9,UP47SE8424,2026-06-20 13:19:19,Safe
24,Car,Yellow,46.8,DL21GK6616,2026-06-20 13:19:20,Safe
23,Car,Gray,45.4,KA96CH1277,2026-06-20 13:19:20,Safe
25,Car,Black,48.9,UP47SE8424,2026-06-20 13:19:20,Safe
24,Car,Yellow,46.8,DL21GK6616,2026-06-20 13:19:21,Safe
26,Car,Red,42.5,AP32ZX8261,2026-06-20 13:19:21,Safe
23,Car,Gray,45.4,KA96CH1277,2026-06-20 13:19:21,Safe
25,Car,Black,48.9,UP47SE8424,2026-06-20 13:19:21,Safe
24,Car,Yellow,46.8,DL21GK6616,2026-06-20 13:19:22,Safe
26,Car,Red,42.5,AP32ZX8261,2026-06-20 13:19:22,Safe
23,Car,Gray,45.4,KA96CH1277,2026-06-20 13:19:22,Safe
25,Car,Black,48.9,UP47SE8424,2026-06-20 13:19:22,Safe
24,Car,Yellow,46.8,DL21GK6616,2026-06-20 13:19:23,Safe
26,Car,Red,42.5,AP32ZX8261,2026-06-20 13:19:23,Safe
23,Car,Gray,45.4,KA96CH1277,2026-06-20 13:19:23,Safe
27,Motorcycle,Blue,39.6,AP61SS4749,2026-06-20 13:19:23,Safe
25,Car,Black,48.9,UP47SE8424,2026-06-20 13:19:23,Safe
24,Car,Yellow,46.8,DL21GK6616,2026-06-20 13:19:24,Safe
26,Car,Red,42.5,AP32ZX8261,2026-06-20 13:19:24,Safe
27,Motorcycle,Blue,39.6,AP61SS4749,2026-06-20 13:19:24,Safe
25,Car,Black,48.9,UP47SE8424,2026-06-20 13:19:24,Safe
28,Motorcycle,Yellow,48.5,AP16LM5610,2026-06-20 13:19:25,Safe
24,Car,Yellow,46.8,DL21GK6616,2026-06-20 13:19:25,Safe
26,Car,Red,42.5,AP32ZX8261,2026-06-20 13:19:25,Safe
27,Motorcycle,Blue,39.6,AP61SS4749,2026-06-20 13:19:25,Safe
25,Car,Black,48.9,UP47SE8424,2026-06-20 13:19:25,Safe
28,Motorcycle,Yellow,48.5,AP16LM5610,2026-06-20 13:19:26,Safe
24,Car,Yellow,46.8,DL21GK6616,2026-06-20 13:19:26,Safe
26,Car,Red,42.5,AP32ZX8261,2026-06-20 13:19:26,Safe
27,Motorcycle,Blue,39.6,AP61SS4749,2026-06-20 13:19:26,Safe
25,Car,Black,48.9,UP47SE8424,2026-06-20 13:19:26,Safe
28,Motorcycle,Yellow,48.5,AP16LM5610,2026-06-20 13:19:27,Safe
26,Car,Red,42.5,AP32ZX8261,2026-06-20 13:19:27,Safe
27,Motorcycle,Blue,39.6,AP61SS4749,2026-06-20 13:19:27,Safe
25,Car,Black,48.9,UP47SE8424,2026-06-20 13:19:27,Safe
28,Motorcycle,Yellow,48.5,AP16LM5610,2026-06-20 13:19:28,Safe
26,Car,Red,42.5,AP32ZX8261,2026-06-20 13:19:28,Safe
27,Motorcycle,Blue,39.6,AP61SS4749,2026-06-20 13:19:28,Safe
26,Car,Red,42.5,AP32ZX8261,2026-06-20 13:19:29,Safe
28,Motorcycle,Yellow,48.5,AP16LM5610,2026-06-20 13:19:29,Safe
27,Motorcycle,Blue,39.6,AP61SS4749,2026-06-20 13:19:29,Safe
26,Car,Red,42.5,AP32ZX8261,2026-06-20 13:19:30,Safe
28,Motorcycle,Yellow,48.5,AP16LM5610,2026-06-20 13:19:30,Safe
27,Motorcycle,Blue,39.6,AP61SS4749,2026-06-20 13:19:30,Safe
28,Motorcycle,Yellow,48.5,AP16LM5610,2026-06-20 13:19:31,Safe
27,Motorcycle,Blue,39.6,AP61SS4749,2026-06-20 13:19:31,Safe
28,Motorcycle,Yellow,48.5,AP16LM5610,2026-06-20 13:19:32,Safe
27,Motorcycle,Blue,39.6,AP61SS4749,2026-06-20 13:19:32,Safe
29,Car,Red,41.3,HR88SD4475,2026-06-20 13:19:40,Safe
29,Car,Red,41.3,HR88SD4475,2026-06-20 13:19:41,Safe
29,Car,Red,41.3,HR88SD4475,2026-06-20 13:19:42,Safe
29,Car,Red,41.3,HR88SD4475,2026-06-20 13:19:44,Safe
29,Car,Red,41.3,HR88SD4475,2026-06-20 13:19:45,Safe
29,Car,Red,41.3,HR88SD4475,2026-06-20 13:19:46,Safe
29,Car,Red,41.3,HR88SD4475,2026-06-20 13:19:47,Safe
29,Car,Red,41.3,HR88SD4475,2026-06-20 13:19:48,Safe
30,Car,Yellow,39.5,HR52YN4732,2026-06-20 13:19:48,Safe
29,Car,Red,41.3,HR88SD4475,2026-06-20 13:19:49,Safe
30,Car,Yellow,39.5,HR52YN4732,2026-06-20 13:19:49,Safe
30,Car,Yellow,39.5,HR52YN4732,2026-06-20 13:19:50,Safe
31,Car,Red,78.6,HR27DV4083,2026-06-20 13:19:51,Overspeed
30,Car,Yellow,39.5,HR52YN4732,2026-06-20 13:19:51,Safe
32,Bus,Black,85.9,DL54VV7943,2026-06-20 13:19:51,Overspeed
31,Car,Red,78.6,HR27DV4083,2026-06-20 13:19:52,Overspeed
30,Car,Yellow,39.5,HR52YN4732,2026-06-20 13:19:52,Safe
32,Bus,Black,85.9,DL54VV7943,2026-06-20 13:19:52,Overspeed
31,Car,Red,78.6,HR27DV4083,2026-06-20 13:19:53,Overspeed
30,Car,Yellow,39.5,HR52YN4732,2026-06-20 13:19:53,Safe
32,Bus,Black,85.9,DL54VV7943,2026-06-20 13:19:53,Overspeed
33,Car,Yellow,45.8,HR73SY2868,2026-06-20 13:19:56,Safe
33,Car,Yellow,45.8,HR73SY2868,2026-06-20 13:19:57,Safe
33,Car,Yellow,45.8,HR73SY2868,2026-06-20 13:19:58,Safe
33,Car,Yellow,45.8,HR73SY2868,2026-06-20 13:19:59,Safe
34,Bus,Green,78.5,DL13ZK6068,2026-06-20 13:19:59,Overspeed
33,Car,Yellow,45.8,HR73SY2868,2026-06-20 13:20:00,Safe
34,Bus,Green,78.5,DL13ZK6068,2026-06-20 13:20:00,Overspeed
33,Car,Yellow,45.8,HR73SY2868,2026-06-20 13:20:01,Safe
34,Bus,Green,78.5,DL13ZK6068,2026-06-20 13:20:01,Overspeed
34,Bus,Green,78.5,DL13ZK6068,2026-06-20 13:20:02,Overspeed
35,Car,Green,49.1,KA51UD3098,2026-06-20 13:20:02,Safe
35,Car,Green,49.1,KA51UD3098,2026-06-20 13:20:03,Safe
35,Car,Green,49.1,KA51UD3098,2026-06-20 13:20:04,Safe
36,Car,Green,51.0,DL90XM7754,2026-06-20 13:20:05,Safe
35,Car,Green,49.1,KA51UD3098,2026-06-20 13:20:06,Safe
36,Car,Green,51.0,DL90XM7754,2026-06-20 13:20:06,Safe
35,Car,Green,49.1,KA51UD3098,2026-06-20 13:20:07,Safe
36,Car,Green,51.0,DL90XM7754,2026-06-20 13:20:07,Safe
35,Car,Green,49.1,KA51UD3098,2026-06-20 13:20:08,Safe
36,Car,Green,51.0,DL90XM7754,2026-06-20 13:20:08,Safe
36,Car,Green,51.0,DL90XM7754,2026-06-20 13:20:09,Safe
36,Car,Green,51.0,DL90XM7754,2026-06-20 13:20:10,Safe
37,Car,Red,86.2,HR14TV6703,2026-06-20 13:20:15,Overspeed
38,Car,Green,46.0,MH95GV1781,2026-06-20 13:20:16,Safe
37,Car,Red,86.2,HR14TV6703,2026-06-20 13:20:16,Overspeed
38,Car,Green,46.0,MH95GV1781,2026-06-20 13:20:17,Safe
37,Car,Red,86.2,HR14TV6703,2026-06-20 13:20:17,Overspeed
38,Car,Green,46.0,MH95GV1781,2026-06-20 13:20:18,Safe
38,Car,Green,46.0,MH95GV1781,2026-06-20 13:20:19,Safe
38,Car,Green,46.0,MH95GV1781,2026-06-20 13:20:20,Safe
38,Car,Green,46.0,MH95GV1781,2026-06-20 13:20:21,Safe
39,Car,Black,36.4,AP38DX1495,2026-06-20 13:20:21,Safe
39,Car,Black,36.4,AP38DX1495,2026-06-20 13:20:22,Safe
39,Car,Black,36.4,AP38DX1495,2026-06-20 13:20:23,Safe
40,Car,Gray,50.1,MH78XK2107,2026-06-20 13:20:24,Safe
39,Car,Black,36.4,AP38DX1495,2026-06-20 13:20:24,Safe
40,Car,Gray,50.1,MH78XK2107,2026-06-20 13:20:25,Safe
39,Car,Black,36.4,AP38DX1495,2026-06-20 13:20:25,Safe
41,Car,White,91.5,TS96VD3551,2026-06-20 13:20:26,Overspeed
40,Car,Gray,50.1,MH78XK2107,2026-06-20 13:20:26,Safe
39,Car,Black,36.4,AP38DX1495,2026-06-20 13:20:26,Safe
41,Car,White,91.5,TS96VD3551,2026-06-20 13:20:26,Overspeed
40,Car,Gray,50.1,MH78XK2107,2026-06-20 13:20:27,Safe
42,Car,Blue,87.7,UP78SD1678,2026-06-20 13:20:27,Overspeed
39,Car,Black,36.4,AP38DX1495,2026-06-20 13:20:27,Safe
41,Car,White,91.5,TS96VD3551,2026-06-20 13:20:28,Overspeed
40,Car,Gray,50.1,MH78XK2107,2026-06-20 13:20:28,Safe
42,Car,Blue,87.7,UP78SD1678,2026-06-20 13:20:28,Overspeed
39,Car,Black,36.4,AP38DX1495,2026-06-20 13:20:28,Safe
40,Car,Gray,50.1,MH78XK2107,2026-06-20 13:20:29,Safe
42,Car,Blue,87.7,UP78SD1678,2026-06-20 13:20:29,Overspeed
43,Car,Red,42.1,KA33OG1171,2026-06-20 13:20:32,Safe
44,Truck,Red,80.4,HR44FR2058,2026-06-20 13:20:33,Overspeed
43,Car,Red,42.1,KA33OG1171,2026-06-20 13:20:33,Safe
44,Truck,Red,80.4,HR44FR2058,2026-06-20 13:20:34,Overspeed
43,Car,Red,42.1,KA33OG1171,2026-06-20 13:20:34,Safe
44,Truck,Red,80.4,HR44FR2058,2026-06-20 13:20:35,Overspeed
43,Car,Red,42.1,KA33OG1171,2026-06-20 13:20:35,Safe
45,Car,Blue,41.2,KA24TA3001,2026-06-20 13:20:36,Safe
44,Truck,Red,80.4,HR44FR2058,2026-06-20 13:20:36,Overspeed
43,Car,Red,42.1,KA33OG1171,2026-06-20 13:20:36,Safe
45,Car,Blue,41.2,KA24TA3001,2026-06-20 13:20:37,Safe
43,Car,Red,42.1,KA33OG1171,2026-06-20 13:20:37,Safe
45,Car,Blue,41.2,KA24TA3001,2026-06-20 13:20:38,Safe
43,Car,Red,42.1,KA33OG1171,2026-06-20 13:20:38,Safe
45,Car,Blue,41.2,KA24TA3001,2026-06-20 13:20:39,Safe
46,Car,Black,74.4,MH69JB9944,2026-06-20 13:20:40,Overspeed
45,Car,Blue,41.2,KA24TA3001,2026-06-20 13:20:40,Safe
46,Car,Black,74.4,MH69JB9944,2026-06-20 13:20:41,Overspeed
45,Car,Blue,41.2,KA24TA3001,2026-06-20 13:20:41,Safe
47,Truck,Red,44.8,TS34TH7414,2026-06-20 13:20:41,Safe
46,Car,Black,74.4,MH69JB9944,2026-06-20 13:20:42,Overspeed
45,Car,Blue,41.2,KA24TA3001,2026-06-20 13:20:42,Safe
47,Truck,Red,44.8,TS34TH7414,2026-06-20 13:20:43,Safe
48,Motorcycle,Red,38.7,HR92YU6355,2026-06-20 13:20:43,Safe
46,Car,Black,74.4,MH69JB9944,2026-06-20 13:20:43,Overspeed
47,Truck,Red,44.8,TS34TH7414,2026-06-20 13:20:44,Safe
48,Motorcycle,Red,38.7,HR92YU6355,2026-06-20 13:20:44,Safe
47,Truck,Red,44.8,TS34TH7414,2026-06-20 13:20:45,Safe
49,Truck,Yellow,52.7,HR53QL2600,2026-06-20 13:20:45,Safe
48,Motorcycle,Red,38.7,HR92YU6355,2026-06-20 13:20:45,Safe
47,Truck,Red,44.8,TS34TH7414,2026-06-20 13:20:46,Safe
49,Truck,Yellow,52.7,HR53QL2600,2026-06-20 13:20:46,Safe
48,Motorcycle,Red,38.7,HR92YU6355,2026-06-20 13:20:46,Safe
47,Truck,Red,44.8,TS34TH7414,2026-06-20 13:20:47,Safe
49,Truck,Yellow,52.7,HR53QL2600,2026-06-20 13:20:47,Safe
48,Motorcycle,Red,38.7,HR92YU6355,2026-06-20 13:20:47,Safe
47,Truck,Red,44.8,TS34TH7414,2026-06-20 13:20:48,Safe
49,Truck,Yellow,52.7,HR53QL2600,2026-06-20 13:20:48,Safe
48,Motorcycle,Red,38.7,HR92YU6355,2026-06-20 13:20:48,Safe
49,Truck,Yellow,52.7,HR53QL2600,2026-06-20 13:20:49,Safe
48,Motorcycle,Red,38.7,HR92YU6355,2026-06-20 13:20:49,Safe
49,Truck,Yellow,52.7,HR53QL2600,2026-06-20 13:20:50,Safe
50,Motorcycle,Gray,37.6,AP93ST2811,2026-06-20 13:20:52,Safe
51,Car,White,35.3,HR98WT2141,2026-06-20 13:20:52,Safe
50,Motorcycle,Gray,37.6,AP93ST2811,2026-06-20 13:20:53,Safe
51,Car,White,35.3,HR98WT2141,2026-06-20 13:20:53,Safe
50,Motorcycle,Gray,37.6,AP93ST2811,2026-06-20 13:20:54,Safe
51,Car,White,35.3,HR98WT2141,2026-06-20 13:20:54,Safe
50,Motorcycle,Gray,37.6,AP93ST2811,2026-06-20 13:20:55,Safe
51,Car,White,35.3,HR98WT2141,2026-06-20 13:20:55,Safe
50,Motorcycle,Gray,37.6,AP93ST2811,2026-06-20 13:20:56,Safe
51,Car,White,35.3,HR98WT2141,2026-06-20 13:20:56,Safe
50,Motorcycle,Gray,37.6,AP93ST2811,2026-06-20 13:20:57,Safe
51,Car,White,35.3,HR98WT2141,2026-06-20 13:20:57,Safe
52,Car,Black,41.1,TS31RW5446,2026-06-20 13:20:57,Safe
50,Motorcycle,Gray,37.6,AP93ST2811,2026-06-20 13:20:58,Safe
51,Car,White,35.3,HR98WT2141,2026-06-20 13:20:58,Safe
52,Car,Black,41.1,TS31RW5446,2026-06-20 13:20:58,Safe
51,Car,White,35.3,HR98WT2141,2026-06-20 13:20:59,Safe
52,Car,Black,41.1,TS31RW5446,2026-06-20 13:20:59,Safe
52,Car,Black,41.1,TS31RW5446,2026-06-20 13:21:00,Safe
53,Motorcycle,Red,72.6,KA52TJ5874,2026-06-20 13:21:01,Overspeed
52,Car,Black,41.1,TS31RW5446,2026-06-20 13:21:01,Safe
1,Car,Gray,83.3,KA49LE2536,2026-06-20 13:23:08,Overspeed
1,Car,Gray,83.3,KA49LE2536,2026-06-20 13:23:09,Overspeed
2,Truck,Red,93.4,TS56DJ3135,2026-06-20 13:23:09,Overspeed
1,Car,Gray,83.3,KA49LE2536,2026-06-20 13:23:10,Overspeed
3,Car,Green,39.3,MH33EB1456,2026-06-20 13:23:10,Safe
2,Truck,Red,93.4,TS56DJ3135,2026-06-20 13:23:10,Overspeed
1,Car,Gray,83.3,KA49LE2536,2026-06-20 13:23:11,Overspeed
3,Car,Green,39.3,MH33EB1456,2026-06-20 13:23:11,Safe
2,Truck,Red,93.4,TS56DJ3135,2026-06-20 13:23:11,Overspeed
3,Car,Green,39.3,MH33EB1456,2026-06-20 13:23:12,Safe
3,Car,Green,39.3,MH33EB1456,2026-06-20 13:23:13,Safe
3,Car,Green,39.3,MH33EB1456,2026-06-20 13:23:14,Safe
3,Car,Green,39.3,MH33EB1456,2026-06-20 13:23:15,Safe
3,Car,Green,39.3,MH33EB1456,2026-06-20 13:23:16,Safe
4,Car,White,53.6,TS21BW8992,2026-06-20 13:23:18,Safe
5,Car,White,48.9,TS70PB4559,2026-06-20 13:23:18,Safe
4,Car,White,53.6,TS21BW8992,2026-06-20 13:23:19,Safe
5,Car,White,48.9,TS70PB4559,2026-06-20 13:23:19,Safe
4,Car,White,53.6,TS21BW8992,2026-06-20 13:23:20,Safe
5,Car,White,48.9,TS70PB4559,2026-06-20 13:23:20,Safe
4,Car,White,53.6,TS21BW8992,2026-06-20 13:23:21,Safe
6,Car,Blue,46.3,HR12TV5491,2026-06-20 13:23:21,Safe
5,Car,White,48.9,TS70PB4559,2026-06-20 13:23:21,Safe
4,Car,White,53.6,TS21BW8992,2026-06-20 13:23:22,Safe
6,Car,Blue,46.3,HR12TV5491,2026-06-20 13:23:22,Safe
5,Car,White,48.9,TS70PB4559,2026-06-20 13:23:22,Safe
7,Bus,Black,48.9,TS87YS3142,2026-06-20 13:23:23,Safe
6,Car,Blue,46.3,HR12TV5491,2026-06-20 13:23:23,Safe
5,Car,White,48.9,TS70PB4559,2026-06-20 13:23:23,Safe
7,Bus,Black,48.9,TS87YS3142,2026-06-20 13:23:24,Safe
6,Car,Blue,46.3,HR12TV5491,2026-06-20 13:23:24,Safe
7,Bus,Black,48.9,TS87YS3142,2026-06-20 13:23:25,Safe
6,Car,Blue,46.3,HR12TV5491,2026-06-20 13:23:25,Safe
7,Bus,Black,48.9,TS87YS3142,2026-06-20 13:23:26,Safe
6,Car,Blue,46.3,HR12TV5491,2026-06-20 13:23:26,Safe
8,Motorcycle,Yellow,54.1,DL12CR6226,2026-06-20 13:23:27,Safe
7,Bus,Black,48.9,TS87YS3142,2026-06-20 13:23:27,Safe
6,Car,Blue,46.3,HR12TV5491,2026-06-20 13:23:27,Safe
9,Car,Black,46.8,DL20HY6396,2026-06-20 13:23:27,Safe
8,Motorcycle,Yellow,54.1,DL12CR6226,2026-06-20 13:23:28,Safe
7,Bus,Black,48.9,TS87YS3142,2026-06-20 13:23:28,Safe
9,Car,Black,46.8,DL20HY6396,2026-06-20 13:23:28,Safe
8,Motorcycle,Yellow,54.1,DL12CR6226,2026-06-20 13:23:29,Safe
7,Bus,Black,48.9,TS87YS3142,2026-06-20 13:23:29,Safe
9,Car,Black,46.8,DL20HY6396,2026-06-20 13:23:29,Safe
8,Motorcycle,Yellow,54.1,DL12CR6226,2026-06-20 13:23:30,Safe
9,Car,Black,46.8,DL20HY6396,2026-06-20 13:23:30,Safe
8,Motorcycle,Yellow,54.1,DL12CR6226,2026-06-20 13:23:31,Safe
10,Car,Gray,50.3,UP85AZ7314,2026-06-20 13:23:31,Safe
9,Car,Black,46.8,DL20HY6396,2026-06-20 13:23:31,Safe
8,Motorcycle,Yellow,54.1,DL12CR6226,2026-06-20 13:23:32,Safe
10,Car,Gray,50.3,UP85AZ7314,2026-06-20 13:23:32,Safe
9,Car,Black,46.8,DL20HY6396,2026-06-20 13:23:32,Safe
10,Car,Gray,50.3,UP85AZ7314,2026-06-20 13:23:33,Safe
9,Car,Black,46.8,DL20HY6396,2026-06-20 13:23:33,Safe
10,Car,Gray,50.3,UP85AZ7314,2026-06-20 13:23:34,Safe
10,Car,Gray,50.3,UP85AZ7314,2026-06-20 13:23:35,Safe
10,Car,Gray,50.3,UP85AZ7314,2026-06-20 13:23:36,Safe
10,Car,Gray,50.3,UP85AZ7314,2026-06-20 13:23:37,Safe
11,Car,Yellow,53.4,KA40UC1802,2026-06-20 13:23:43,Safe
11,Car,Yellow,53.4,KA40UC1802,2026-06-20 13:23:44,Safe
11,Car,Yellow,53.4,KA40UC1802,2026-06-20 13:23:45,Safe
12,Car,Red,38.2,MH55KJ3592,2026-06-20 13:23:45,Safe
11,Car,Yellow,53.4,KA40UC1802,2026-06-20 13:23:46,Safe
12,Car,Red,38.2,MH55KJ3592,2026-06-20 13:23:46,Safe
11,Car,Yellow,53.4,KA40UC1802,2026-06-20 13:23:47,Safe
12,Car,Red,38.2,MH55KJ3592,2026-06-20 13:23:47,Safe
11,Car,Yellow,53.4,KA40UC1802,2026-06-20 13:23:48,Safe
12,Car,Red,38.2,MH55KJ3592,2026-06-20 13:23:48,Safe
12,Car,Red,38.2,MH55KJ3592,2026-06-20 13:23:49,Safe
12,Car,Red,38.2,MH55KJ3592,2026-06-20 13:23:50,Safe
12,Car,Red,38.2,MH55KJ3592,2026-06-20 13:23:51,Safe
13,Motorcycle,Blue,44.2,UP55UQ9339,2026-06-20 13:23:56,Safe
13,Motorcycle,Blue,44.2,UP55UQ9339,2026-06-20 13:23:57,Safe
14,Car,Green,73.4,HR20WT2974,2026-06-20 13:23:57,Overspeed
13,Motorcycle,Blue,44.2,UP55UQ9339,2026-06-20 13:23:58,Safe
14,Car,Green,73.4,HR20WT2974,2026-06-20 13:23:58,Overspeed
15,Car,Green,44.8,UP99OM1661,2026-06-20 13:23:59,Safe
13,Motorcycle,Blue,44.2,UP55UQ9339,2026-06-20 13:23:59,Safe
14,Car,Green,73.4,HR20WT2974,2026-06-20 13:23:59,Overspeed
15,Car,Green,44.8,UP99OM1661,2026-06-20 13:24:00,Safe
13,Motorcycle,Blue,44.2,UP55UQ9339,2026-06-20 13:24:00,Safe
14,Car,Green,73.4,HR20WT2974,2026-06-20 13:24:00,Overspeed
15,Car,Green,44.8,UP99OM1661,2026-06-20 13:24:01,Safe
13,Motorcycle,Blue,44.2,UP55UQ9339,2026-06-20 13:24:01,Safe
14,Car,Green,73.4,HR20WT2974,2026-06-20 13:24:01,Overspeed
15,Car,Green,44.8,UP99OM1661,2026-06-20 13:24:02,Safe
13,Motorcycle,Blue,44.2,UP55UQ9339,2026-06-20 13:24:02,Safe
14,Car,Green,73.4,HR20WT2974,2026-06-20 13:24:02,Overspeed
15,Car,Green,44.8,UP99OM1661,2026-06-20 13:24:03,Safe
13,Motorcycle,Blue,44.2,UP55UQ9339,2026-06-20 13:24:03,Safe
16,Car,Yellow,46.2,HR59IP9126,2026-06-20 13:24:04,Safe
15,Car,Green,44.8,UP99OM1661,2026-06-20 13:24:04,Safe
13,Motorcycle,Blue,44.2,UP55UQ9339,2026-06-20 13:24:04,Safe
16,Car,Yellow,46.2,HR59IP9126,2026-06-20 13:24:05,Safe
15,Car,Green,44.8,UP99OM1661,2026-06-20 13:24:05,Safe
16,Car,Yellow,46.2,HR59IP9126,2026-06-20 13:24:06,Safe
15,Car,Green,44.8,UP99OM1661,2026-06-20 13:24:06,Safe
17,Car,Black,39.9,MH58IH5136,2026-06-20 13:24:07,Safe
16,Car,Yellow,46.2,HR59IP9126,2026-06-20 13:24:07,Safe
15,Car,Green,44.8,UP99OM1661,2026-06-20 13:24:07,Safe
17,Car,Black,39.9,MH58IH5136,2026-06-20 13:24:08,Safe
16,Car,Yellow,46.2,HR59IP9126,2026-06-20 13:24:08,Safe
15,Car,Green,44.8,UP99OM1661,2026-06-20 13:24:08,Safe
17,Car,Black,39.9,MH58IH5136,2026-06-20 13:24:09,Safe
16,Car,Yellow,46.2,HR59IP9126,2026-06-20 13:24:09,Safe
15,Car,Green,44.8,UP99OM1661,2026-06-20 13:24:09,Safe
17,Car,Black,39.9,MH58IH5136,2026-06-20 13:24:10,Safe
18,Bus,Black,35.8,MH31QK2193,2026-06-20 13:24:10,Safe
16,Car,Yellow,46.2,HR59IP9126,2026-06-20 13:24:10,Safe
15,Car,Green,44.8,UP99OM1661,2026-06-20 13:24:10,Safe
17,Car,Black,39.9,MH58IH5136,2026-06-20 13:24:11,Safe
18,Bus,Black,35.8,MH31QK2193,2026-06-20 13:24:11,Safe
16,Car,Yellow,46.2,HR59IP9126,2026-06-20 13:24:11,Safe
15,Car,Green,44.8,UP99OM1661,2026-06-20 13:24:12,Safe
17,Car,Black,39.9,MH58IH5136,2026-06-20 13:24:12,Safe
18,Bus,Black,35.8,MH31QK2193,2026-06-20 13:24:12,Safe
16,Car,Yellow,46.2,HR59IP9126,2026-06-20 13:24:12,Safe
17,Car,Black,39.9,MH58IH5136,2026-06-20 13:24:13,Safe
18,Bus,Black,35.8,MH31QK2193,2026-06-20 13:24:13,Safe
16,Car,Yellow,46.2,HR59IP9126,2026-06-20 13:24:13,Safe
17,Car,Black,39.9,MH58IH5136,2026-06-20 13:24:14,Safe
18,Bus,Black,35.8,MH31QK2193,2026-06-20 13:24:14,Safe
16,Car,Yellow,46.2,HR59IP9126,2026-06-20 13:24:14,Safe
17,Car,Black,39.9,MH58IH5136,2026-06-20 13:24:15,Safe
18,Bus,Black,35.8,MH31QK2193,2026-06-20 13:24:15,Safe
16,Car,Yellow,46.2,HR59IP9126,2026-06-20 13:24:15,Safe
17,Car,Black,39.9,MH58IH5136,2026-06-20 13:24:16,Safe
18,Bus,Black,35.8,MH31QK2193,2026-06-20 13:24:16,Safe
16,Car,Yellow,46.2,HR59IP9126,2026-06-20 13:24:17,Safe
17,Car,Black,39.9,MH58IH5136,2026-06-20 13:24:17,Safe
18,Bus,Black,35.8,MH31QK2193,2026-06-20 13:24:17,Safe
16,Car,Yellow,46.2,HR59IP9126,2026-06-20 13:24:18,Safe
17,Car,Black,39.9,MH58IH5136,2026-06-20 13:24:18,Safe
18,Bus,Black,35.8,MH31QK2193,2026-06-20 13:24:18,Safe
17,Car,Black,39.9,MH58IH5136,2026-06-20 13:24:19,Safe
18,Bus,Black,35.8,MH31QK2193,2026-06-20 13:24:20,Safe
17,Car,Black,39.9,MH58IH5136,2026-06-20 13:24:21,Safe
18,Bus,Black,35.8,MH31QK2193,2026-06-20 13:24:21,Safe
17,Car,Black,39.9,MH58IH5136,2026-06-20 13:24:22,Safe
18,Bus,Black,35.8,MH31QK2193,2026-06-20 13:24:22,Safe
17,Car,Black,39.9,MH58IH5136,2026-06-20 13:24:23,Safe
18,Bus,Black,35.8,MH31QK2193,2026-06-20 13:24:23,Safe
17,Car,Black,39.9,MH58IH5136,2026-06-20 13:24:24,Safe
18,Bus,Black,35.8,MH31QK2193,2026-06-20 13:24:24,Safe
17,Car,Black,39.9,MH58IH5136,2026-06-20 13:24:25,Safe
18,Bus,Black,35.8,MH31QK2193,2026-06-20 13:24:25,Safe
18,Bus,Black,35.8,MH31QK2193,2026-06-20 13:24:26,Safe
18,Bus,Black,35.8,MH31QK2193,2026-06-20 13:24:27,Safe
18,Bus,Black,35.8,MH31QK2193,2026-06-20 13:24:28,Safe
18,Bus,Black,35.8,MH31QK2193,2026-06-20 13:24:29,Safe
18,Bus,Black,35.8,MH31QK2193,2026-06-20 13:24:30,Safe
19,Motorcycle,Black,47.5,TS95EJ1828,2026-06-20 13:24:30,Safe
18,Bus,Black,35.8,MH31QK2193,2026-06-20 13:24:31,Safe
19,Motorcycle,Black,47.5,TS95EJ1828,2026-06-20 13:24:32,Safe
18,Bus,Black,35.8,MH31QK2193,2026-06-20 13:24:32,Safe
19,Motorcycle,Black,47.5,TS95EJ1828,2026-06-20 13:24:33,Safe
19,Motorcycle,Black,47.5,TS95EJ1828,2026-06-20 13:24:34,Safe
19,Motorcycle,Black,47.5,TS95EJ1828,2026-06-20 13:24:35,Safe
19,Motorcycle,Black,47.5,TS95EJ1828,2026-06-20 13:24:36,Safe
19,Motorcycle,Black,47.5,TS95EJ1828,2026-06-20 13:24:37,Safe
20,Motorcycle,Black,35.4,KA73PZ5028,2026-06-20 13:24:37,Safe
19,Motorcycle,Black,47.5,TS95EJ1828,2026-06-20 13:24:38,Safe
20,Motorcycle,Black,35.4,KA73PZ5028,2026-06-20 13:24:39,Safe
19,Motorcycle,Black,47.5,TS95EJ1828,2026-06-20 13:24:39,Safe
20,Motorcycle,Black,35.4,KA73PZ5028,2026-06-20 13:24:40,Safe
19,Motorcycle,Black,47.5,TS95EJ1828,2026-06-20 13:24:40,Safe
20,Motorcycle,Black,35.4,KA73PZ5028,2026-06-20 13:24:41,Safe
19,Motorcycle,Black,47.5,TS95EJ1828,2026-06-20 13:24:41,Safe
20,Motorcycle,Black,35.4,KA73PZ5028,2026-06-20 13:24:42,Safe
19,Motorcycle,Black,47.5,TS95EJ1828,2026-06-20 13:24:43,Safe
20,Motorcycle,Black,35.4,KA73PZ5028,2026-06-20 13:24:43,Safe
19,Motorcycle,Black,47.5,TS95EJ1828,2026-06-20 13:24:44,Safe
20,Motorcycle,Black,35.4,KA73PZ5028,2026-06-20 13:24:44,Safe
19,Motorcycle,Black,47.5,TS95EJ1828,2026-06-20 13:24:45,Safe
20,Motorcycle,Black,35.4,KA73PZ5028,2026-06-20 13:24:45,Safe
19,Motorcycle,Black,47.5,TS95EJ1828,2026-06-20 13:24:46,Safe
20,Motorcycle,Black,35.4,KA73PZ5028,2026-06-20 13:24:46,Safe
21,Car,White,76.5,HR27AF5823,2026-06-20 13:24:47,Overspeed
19,Motorcycle,Black,47.5,TS95EJ1828,2026-06-20 13:24:47,Safe
20,Motorcycle,Black,35.4,KA73PZ5028,2026-06-20 13:24:47,Safe
21,Car,White,76.5,HR27AF5823,2026-06-20 13:24:48,Overspeed
20,Motorcycle,Black,35.4,KA73PZ5028,2026-06-20 13:24:48,Safe
21,Car,White,76.5,HR27AF5823,2026-06-20 13:24:49,Overspeed
20,Motorcycle,Black,35.4,KA73PZ5028,2026-06-20 13:24:49,Safe
21,Car,White,76.5,HR27AF5823,2026-06-20 13:24:50,Overspeed
20,Motorcycle,Black,35.4,KA73PZ5028,2026-06-20 13:24:51,Safe
21,Car,White,76.5,HR27AF5823,2026-06-20 13:24:51,Overspeed
20,Motorcycle,Black,35.4,KA73PZ5028,2026-06-20 13:24:52,Safe
21,Car,White,76.5,HR27AF5823,2026-06-20 13:24:52,Overspeed
20,Motorcycle,Black,35.4,KA73PZ5028,2026-06-20 13:24:53,Safe
21,Car,White,76.5,HR27AF5823,2026-06-20 13:24:53,Overspeed
20,Motorcycle,Black,35.4,KA73PZ5028,2026-06-20 13:24:54,Safe
21,Car,White,76.5,HR27AF5823,2026-06-20 13:24:54,Overspeed
20,Motorcycle,Black,35.4,KA73PZ5028,2026-06-20 13:24:55,Safe
21,Car,White,76.5,HR27AF5823,2026-06-20 13:24:55,Overspeed
20,Motorcycle,Black,35.4,KA73PZ5028,2026-06-20 13:24:56,Safe
21,Car,White,76.5,HR27AF5823,2026-06-20 13:24:56,Overspeed
20,Motorcycle,Black,35.4,KA73PZ5028,2026-06-20 13:24:57,Safe
21,Car,White,76.5,HR27AF5823,2026-06-20 13:24:57,Overspeed
20,Motorcycle,Black,35.4,KA73PZ5028,2026-06-20 13:24:58,Safe
20,Motorcycle,Black,35.4,KA73PZ5028,2026-06-20 13:24:59,Safe
20,Motorcycle,Black,35.4,KA73PZ5028,2026-06-20 13:25:00,Safe
22,Bus,Black,37.2,KA94US7573,2026-06-20 13:25:02,Safe
23,Motorcycle,Black,47.0,DL30GZ1602,2026-06-20 13:25:03,Safe
22,Bus,Black,37.2,KA94US7573,2026-06-20 13:25:03,Safe
23,Motorcycle,Black,47.0,DL30GZ1602,2026-06-20 13:25:04,Safe
22,Bus,Black,37.2,KA94US7573,2026-06-20 13:25:04,Safe
23,Motorcycle,Black,47.0,DL30GZ1602,2026-06-20 13:25:05,Safe
22,Bus,Black,37.2,KA94US7573,2026-06-20 13:25:05,Safe
23,Motorcycle,Black,47.0,DL30GZ1602,2026-06-20 13:25:06,Safe
22,Bus,Black,37.2,KA94US7573,2026-06-20 13:25:06,Safe
23,Motorcycle,Black,47.0,DL30GZ1602,2026-06-20 13:25:07,Safe
22,Bus,Black,37.2,KA94US7573,2026-06-20 13:25:07,Safe
24,Motorcycle,Gray,51.4,AP22SP5334,2026-06-20 13:25:08,Safe
22,Bus,Black,37.2,KA94US7573,2026-06-20 13:25:08,Safe
24,Motorcycle,Gray,51.4,AP22SP5334,2026-06-20 13:25:09,Safe
25,Truck,Red,76.0,HR79XP5212,2026-06-20 13:25:09,Overspeed
22,Bus,Black,37.2,KA94US7573,2026-06-20 13:25:09,Safe
24,Motorcycle,Gray,51.4,AP22SP5334,2026-06-20 13:25:10,Safe
25,Truck,Red,76.0,HR79XP5212,2026-06-20 13:25:10,Overspeed
26,Car,White,37.5,DL35FY6803,2026-06-20 13:25:11,Safe
24,Motorcycle,Gray,51.4,AP22SP5334,2026-06-20 13:25:11,Safe
25,Truck,Red,76.0,HR79XP5212,2026-06-20 13:25:11,Overspeed
26,Car,White,37.5,DL35FY6803,2026-06-20 13:25:12,Safe
24,Motorcycle,Gray,51.4,AP22SP5334,2026-06-20 13:25:12,Safe
25,Truck,Red,76.0,HR79XP5212,2026-06-20 13:25:12,Overspeed
26,Car,White,37.5,DL35FY6803,2026-06-20 13:25:13,Safe
24,Motorcycle,Gray,51.4,AP22SP5334,2026-06-20 13:25:13,Safe
27,Truck,Yellow,41.9,MH18VV4961,2026-06-20 13:25:13,Safe
26,Car,White,37.5,DL35FY6803,2026-06-20 13:25:14,Safe
27,Truck,Yellow,41.9,MH18VV4961,2026-06-20 13:25:14,Safe
26,Car,White,37.5,DL35FY6803,2026-06-20 13:25:15,Safe
27,Truck,Yellow,41.9,MH18VV4961,2026-06-20 13:25:15,Safe
26,Car,White,37.5,DL35FY6803,2026-06-20 13:25:16,Safe
27,Truck,Yellow,41.9,MH18VV4961,2026-06-20 13:25:16,Safe
26,Car,White,37.5,DL35FY6803,2026-06-20 13:25:17,Safe
27,Truck,Yellow,41.9,MH18VV4961,2026-06-20 13:25:17,Safe
28,Car,Black,44.6,DL21BO5266,2026-06-20 13:25:18,Safe
29,Car,Blue,83.5,HR76RN5038,2026-06-20 13:25:18,Overspeed
27,Truck,Yellow,41.9,MH18VV4961,2026-06-20 13:25:18,Safe
28,Car,Black,44.6,DL21BO5266,2026-06-20 13:25:19,Safe
29,Car,Blue,83.5,HR76RN5038,2026-06-20 13:25:19,Overspeed
27,Truck,Yellow,41.9,MH18VV4961,2026-06-20 13:25:20,Safe
28,Car,Black,44.6,DL21BO5266,2026-06-20 13:25:20,Safe
29,Car,Blue,83.5,HR76RN5038,2026-06-20 13:25:20,Overspeed
28,Car,Black,44.6,DL21BO5266,2026-06-20 13:25:21,Safe
29,Car,Blue,83.5,HR76RN5038,2026-06-20 13:25:21,Overspeed
30,Motorcycle,Yellow,37.2,UP12WB1033,2026-06-20 13:25:22,Safe
28,Car,Black,44.6,DL21BO5266,2026-06-20 13:25:22,Safe
30,Motorcycle,Yellow,37.2,UP12WB1033,2026-06-20 13:25:23,Safe
28,Car,Black,44.6,DL21BO5266,2026-06-20 13:25:23,Safe
30,Motorcycle,Yellow,37.2,UP12WB1033,2026-06-20 13:25:24,Safe
28,Car,Black,44.6,DL21BO5266,2026-06-20 13:25:24,Safe
30,Motorcycle,Yellow,37.2,UP12WB1033,2026-06-20 13:25:25,Safe
30,Motorcycle,Yellow,37.2,UP12WB1033,2026-06-20 13:25:26,Safe
30,Motorcycle,Yellow,37.2,UP12WB1033,2026-06-20 13:25:27,Safe
30,Motorcycle,Yellow,37.2,UP12WB1033,2026-06-20 13:25:28,Safe
31,Car,Gray,84.2,DL93JV6635,2026-06-20 13:25:30,Overspeed
32,Truck,Red,91.5,UP85WC7838,2026-06-20 13:25:30,Overspeed
31,Car,Gray,84.2,DL93JV6635,2026-06-20 13:25:31,Overspeed
32,Truck,Red,91.5,UP85WC7838,2026-06-20 13:25:31,Overspeed
31,Car,Gray,84.2,DL93JV6635,2026-06-20 13:25:32,Overspeed
33,Car,Black,91.7,KA21YT5735,2026-06-20 13:25:32,Overspeed
32,Truck,Red,91.5,UP85WC7838,2026-06-20 13:25:32,Overspeed
31,Car,Gray,84.2,DL93JV6635,2026-06-20 13:25:33,Overspeed
33,Car,Black,91.7,KA21YT5735,2026-06-20 13:25:33,Overspeed
32,Truck,Red,91.5,UP85WC7838,2026-06-20 13:25:33,Overspeed
34,Motorcycle,Gray,75.2,HR37SS6405,2026-06-20 13:25:34,Overspeed
33,Car,Black,91.7,KA21YT5735,2026-06-20 13:25:34,Overspeed
34,Motorcycle,Gray,75.2,HR37SS6405,2026-06-20 13:25:35,Overspeed
33,Car,Black,91.7,KA21YT5735,2026-06-20 13:25:35,Overspeed
34,Motorcycle,Gray,75.2,HR37SS6405,2026-06-20 13:25:36,Overspeed
35,Truck,Yellow,46.3,UP63IJ3677,2026-06-20 13:25:37,Safe
34,Motorcycle,Gray,75.2,HR37SS6405,2026-06-20 13:25:37,Overspeed
36,Car,Red,78.8,MH90EJ5735,2026-06-20 13:25:37,Overspeed
35,Truck,Yellow,46.3,UP63IJ3677,2026-06-20 13:25:38,Safe
36,Car,Red,78.8,MH90EJ5735,2026-06-20 13:25:38,Overspeed
35,Truck,Yellow,46.3,UP63IJ3677,2026-06-20 13:25:39,Safe
36,Car,Red,78.8,MH90EJ5735,2026-06-20 13:25:39,Overspeed
37,Motorcycle,Black,53.3,TS54HK2795,2026-06-20 13:25:40,Safe
35,Truck,Yellow,46.3,UP63IJ3677,2026-06-20 13:25:40,Safe
38,Truck,Red,41.9,DL72JM3034,2026-06-20 13:25:40,Safe
36,Car,Red,78.8,MH90EJ5735,2026-06-20 13:25:40,Overspeed
37,Motorcycle,Black,53.3,TS54HK2795,2026-06-20 13:25:41,Safe
35,Truck,Yellow,46.3,UP63IJ3677,2026-06-20 13:25:41,Safe
38,Truck,Red,41.9,DL72JM3034,2026-06-20 13:25:41,Safe
37,Motorcycle,Black,53.3,TS54HK2795,2026-06-20 13:25:42,Safe
35,Truck,Yellow,46.3,UP63IJ3677,2026-06-20 13:25:42,Safe
38,Truck,Red,41.9,DL72JM3034,2026-06-20 13:25:42,Safe
39,Bus,Blue,48.6,KA68EZ9215,2026-06-20 13:25:43,Safe
37,Motorcycle,Black,53.3,TS54HK2795,2026-06-20 13:25:43,Safe
35,Truck,Yellow,46.3,UP63IJ3677,2026-06-20 13:25:43,Safe
38,Truck,Red,41.9,DL72JM3034,2026-06-20 13:25:43,Safe
39,Bus,Blue,48.6,KA68EZ9215,2026-06-20 13:25:44,Safe
37,Motorcycle,Black,53.3,TS54HK2795,2026-06-20 13:25:44,Safe
40,Car,White,49.2,TS51II9478,2026-06-20 13:25:44,Safe
38,Truck,Red,41.9,DL72JM3034,2026-06-20 13:25:44,Safe
39,Bus,Blue,48.6,KA68EZ9215,2026-06-20 13:25:45,Safe
40,Car,White,49.2,TS51II9478,2026-06-20 13:25:45,Safe
38,Truck,Red,41.9,DL72JM3034,2026-06-20 13:25:45,Safe
39,Bus,Blue,48.6,KA68EZ9215,2026-06-20 13:25:46,Safe
40,Car,White,49.2,TS51II9478,2026-06-20 13:25:46,Safe
38,Truck,Red,41.9,DL72JM3034,2026-06-20 13:25:46,Safe
39,Bus,Blue,48.6,KA68EZ9215,2026-06-20 13:25:47,Safe
41,Car,White,51.4,MH57VT1830,2026-06-20 13:25:47,Safe
40,Car,White,49.2,TS51II9478,2026-06-20 13:25:47,Safe
42,Car,Gray,40.6,HR28VT8368,2026-06-20 13:25:48,Safe
39,Bus,Blue,48.6,KA68EZ9215,2026-06-20 13:25:48,Safe
41,Car,White,51.4,MH57VT1830,2026-06-20 13:25:48,Safe
40,Car,White,49.2,TS51II9478,2026-06-20 13:25:48,Safe
42,Car,Gray,40.6,HR28VT8368,2026-06-20 13:25:49,Safe
41,Car,White,51.4,MH57VT1830,2026-06-20 13:25:49,Safe
40,Car,White,49.2,TS51II9478,2026-06-20 13:25:49,Safe
43,Car,Blue,52.1,AP45EZ5234,2026-06-20 13:25:49,Safe
42,Car,Gray,40.6,HR28VT8368,2026-06-20 13:25:50,Safe
41,Car,White,51.4,MH57VT1830,2026-06-20 13:25:50,Safe
43,Car,Blue,52.1,AP45EZ5234,2026-06-20 13:25:50,Safe
44,Car,White,46.7,HR95JE5878,2026-06-20 13:25:50,Safe
42,Car,Gray,40.6,HR28VT8368,2026-06-20 13:25:51,Safe
41,Car,White,51.4,MH57VT1830,2026-06-20 13:25:51,Safe
45,Car,Red,41.0,HR85RF9663,2026-06-20 13:25:51,Safe
43,Car,Blue,52.1,AP45EZ5234,2026-06-20 13:25:51,Safe
44,Car,White,46.7,HR95JE5878,2026-06-20 13:25:51,Safe
42,Car,Gray,40.6,HR28VT8368,2026-06-20 13:25:52,Safe
41,Car,White,51.4,MH57VT1830,2026-06-20 13:25:52,Safe
45,Car,Red,41.0,HR85RF9663,2026-06-20 13:25:52,Safe
43,Car,Blue,52.1,AP45EZ5234,2026-06-20 13:25:52,Safe
44,Car,White,46.7,HR95JE5878,2026-06-20 13:25:52,Safe
42,Car,Gray,40.6,HR28VT8368,2026-06-20 13:25:53,Safe
45,Car,Red,41.0,HR85RF9663,2026-06-20 13:25:53,Safe
43,Car,Blue,52.1,AP45EZ5234,2026-06-20 13:25:53,Safe
44,Car,White,46.7,HR95JE5878,2026-06-20 13:25:53,Safe
42,Car,Gray,40.6,HR28VT8368,2026-06-20 13:25:54,Safe
45,Car,Red,41.0,HR85RF9663,2026-06-20 13:25:54,Safe
44,Car,White,46.7,HR95JE5878,2026-06-20 13:25:55,Safe
46,Car,Red,43.0,TS11JK5756,2026-06-20 13:25:55,Safe
45,Car,Red,41.0,HR85RF9663,2026-06-20 13:25:55,Safe
44,Car,White,46.7,HR95JE5878,2026-06-20 13:25:56,Safe
46,Car,Red,43.0,TS11JK5756,2026-06-20 13:25:56,Safe
45,Car,Red,41.0,HR85RF9663,2026-06-20 13:25:56,Safe
46,Car,Red,43.0,TS11JK5756,2026-06-20 13:25:57,Safe
45,Car,Red,41.0,HR85RF9663,2026-06-20 13:25:57,Safe
47,Car,White,51.5,TS70ZF2055,2026-06-20 13:25:58,Safe
46,Car,Red,43.0,TS11JK5756,2026-06-20 13:25:58,Safe
47,Car,White,51.5,TS70ZF2055,2026-06-20 13:25:59,Safe
46,Car,Red,43.0,TS11JK5756,2026-06-20 13:25:59,Safe
47,Car,White,51.5,TS70ZF2055,2026-06-20 13:26:00,Safe
48,Car,Red,88.0,TS31ZG2331,2026-06-20 13:26:00,Overspeed
49,Bus,Red,54.7,UP74XX1405,2026-06-20 13:26:00,Safe
46,Car,Red,43.0,TS11JK5756,2026-06-20 13:26:00,Safe
47,Car,White,51.5,TS70ZF2055,2026-06-20 13:26:01,Safe
48,Car,Red,88.0,TS31ZG2331,2026-06-20 13:26:01,Overspeed
49,Bus,Red,54.7,UP74XX1405,2026-06-20 13:26:01,Safe
46,Car,Red,43.0,TS11JK5756,2026-06-20 13:26:01,Safe
47,Car,White,51.5,TS70ZF2055,2026-06-20 13:26:02,Safe
48,Car,Red,88.0,TS31ZG2331,2026-06-20 13:26:02,Overspeed
49,Bus,Red,54.7,UP74XX1405,2026-06-20 13:26:02,Safe
50,Truck,Blue,35.2,AP66NA4258,2026-06-20 13:26:03,Safe
47,Car,White,51.5,TS70ZF2055,2026-06-20 13:26:03,Safe
48,Car,Red,88.0,TS31ZG2331,2026-06-20 13:26:03,Overspeed
49,Bus,Red,54.7,UP74XX1405,2026-06-20 13:26:03,Safe
50,Truck,Blue,35.2,AP66NA4258,2026-06-20 13:26:04,Safe
49,Bus,Red,54.7,UP74XX1405,2026-06-20 13:26:04,Safe
50,Truck,Blue,35.2,AP66NA4258,2026-06-20 13:26:05,Safe
49,Bus,Red,54.7,UP74XX1405,2026-06-20 13:26:05,Safe
1,Car,Gray,49.6,MH49NM8124,2026-06-20 13:38:45,Safe
1,Car,Gray,49.6,MH49NM8124,2026-06-20 13:38:46,Safe
1,Car,Gray,49.6,MH49NM8124,2026-06-20 13:38:47,Safe
1,Car,Gray,49.6,MH49NM8124,2026-06-20 13:38:48,Safe
2,Motorcycle,White,47.0,AP55FH7028,2026-06-20 13:38:56,Safe
3,Car,White,38.6,AP41NG9362,2026-06-20 13:38:57,Safe
2,Motorcycle,White,47.0,AP55FH7028,2026-06-20 13:38:57,Safe
3,Car,White,38.6,AP41NG9362,2026-06-20 13:38:58,Safe
2,Motorcycle,White,47.0,AP55FH7028,2026-06-20 13:38:58,Safe
3,Car,White,38.6,AP41NG9362,2026-06-20 13:38:59,Safe
4,Bus,Green,40.9,UP32QO1775,2026-06-20 13:39:00,Safe
2,Motorcycle,White,47.0,AP55FH7028,2026-06-20 13:39:00,Safe
3,Car,White,38.6,AP41NG9362,2026-06-20 13:39:00,Safe
4,Bus,Green,40.9,UP32QO1775,2026-06-20 13:39:00,Safe
2,Motorcycle,White,47.0,AP55FH7028,2026-06-20 13:39:01,Safe
3,Car,White,38.6,AP41NG9362,2026-06-20 13:39:01,Safe
4,Bus,Green,40.9,UP32QO1775,2026-06-20 13:39:01,Safe
3,Car,White,38.6,AP41NG9362,2026-06-20 13:39:02,Safe
4,Bus,Green,40.9,UP32QO1775,2026-06-20 13:39:02,Safe
4,Bus,Green,40.9,UP32QO1775,2026-06-20 13:39:03,Safe
4,Bus,Green,40.9,UP32QO1775,2026-06-20 13:39:04,Safe
5,Car,White,54.6,UP30FI3499,2026-06-20 13:39:04,Safe
5,Car,White,54.6,UP30FI3499,2026-06-20 13:39:05,Safe
6,Car,Blue,35.8,TS68KI9521,2026-06-20 13:39:06,Safe
5,Car,White,54.6,UP30FI3499,2026-06-20 13:39:06,Safe
7,Truck,Gray,46.0,DL70OB7061,2026-06-20 13:39:06,Safe
6,Car,Blue,35.8,TS68KI9521,2026-06-20 13:39:07,Safe
5,Car,White,54.6,UP30FI3499,2026-06-20 13:39:07,Safe
7,Truck,Gray,46.0,DL70OB7061,2026-06-20 13:39:07,Safe
6,Car,Blue,35.8,TS68KI9521,2026-06-20 13:39:08,Safe
7,Truck,Gray,46.0,DL70OB7061,2026-06-20 13:39:08,Safe
8,Car,Yellow,37.8,AP20FG2619,2026-06-20 13:39:09,Safe
6,Car,Blue,35.8,TS68KI9521,2026-06-20 13:39:09,Safe
7,Truck,Gray,46.0,DL70OB7061,2026-06-20 13:39:09,Safe
8,Car,Yellow,37.8,AP20FG2619,2026-06-20 13:39:10,Safe
6,Car,Blue,35.8,TS68KI9521,2026-06-20 13:39:10,Safe
7,Truck,Gray,46.0,DL70OB7061,2026-06-20 13:39:10,Safe
8,Car,Yellow,37.8,AP20FG2619,2026-06-20 13:39:11,Safe
6,Car,Blue,35.8,TS68KI9521,2026-06-20 13:39:11,Safe
9,Car,Yellow,45.6,MH28AV7268,2026-06-20 13:39:12,Safe
8,Car,Yellow,37.8,AP20FG2619,2026-06-20 13:39:12,Safe
10,Car,Gray,85.5,UP37BO9893,2026-06-20 13:39:12,Overspeed
9,Car,Yellow,45.6,MH28AV7268,2026-06-20 13:39:13,Safe
8,Car,Yellow,37.8,AP20FG2619,2026-06-20 13:39:13,Safe
10,Car,Gray,85.5,UP37BO9893,2026-06-20 13:39:13,Overspeed
9,Car,Yellow,45.6,MH28AV7268,2026-06-20 13:39:14,Safe
8,Car,Yellow,37.8,AP20FG2619,2026-06-20 13:39:14,Safe
10,Car,Gray,85.5,UP37BO9893,2026-06-20 13:39:14,Overspeed
9,Car,Yellow,45.6,MH28AV7268,2026-06-20 13:39:15,Safe
10,Car,Gray,85.5,UP37BO9893,2026-06-20 13:39:15,Overspeed
9,Car,Yellow,45.6,MH28AV7268,2026-06-20 13:39:16,Safe
11,Car,Gray,36.1,HR40AW1092,2026-06-20 13:39:16,Safe
12,Car,Green,76.7,DL64CN1024,2026-06-20 13:39:16,Overspeed
9,Car,Yellow,45.6,MH28AV7268,2026-06-20 13:39:17,Safe
11,Car,Gray,36.1,HR40AW1092,2026-06-20 13:39:17,Safe
12,Car,Green,76.7,DL64CN1024,2026-06-20 13:39:17,Overspeed
9,Car,Yellow,45.6,MH28AV7268,2026-06-20 13:39:18,Safe
11,Car,Gray,36.1,HR40AW1092,2026-06-20 13:39:18,Safe
12,Car,Green,76.7,DL64CN1024,2026-06-20 13:39:18,Overspeed
11,Car,Gray,36.1,HR40AW1092,2026-06-20 13:39:19,Safe
12,Car,Green,76.7,DL64CN1024,2026-06-20 13:39:19,Overspeed
11,Car,Gray,36.1,HR40AW1092,2026-06-20 13:39:20,Safe
12,Car,Green,76.7,DL64CN1024,2026-06-20 13:39:20,Overspeed
11,Car,Gray,36.1,HR40AW1092,2026-06-20 13:39:21,Safe
13,Car,White,45.1,UP48CE4984,2026-06-20 13:39:21,Safe
11,Car,Gray,36.1,HR40AW1092,2026-06-20 13:39:22,Safe
13,Car,White,45.1,UP48CE4984,2026-06-20 13:39:22,Safe
11,Car,Gray,36.1,HR40AW1092,2026-06-20 13:39:23,Safe
13,Car,White,45.1,UP48CE4984,2026-06-20 13:39:23,Safe
11,Car,Gray,36.1,HR40AW1092,2026-06-20 13:39:24,Safe
13,Car,White,45.1,UP48CE4984,2026-06-20 13:39:24,Safe
11,Car,Gray,36.1,HR40AW1092,2026-06-20 13:39:25,Safe
13,Car,White,45.1,UP48CE4984,2026-06-20 13:39:25,Safe
11,Car,Gray,36.1,HR40AW1092,2026-06-20 13:39:26,Safe
13,Car,White,45.1,UP48CE4984,2026-06-20 13:39:26,Safe
13,Car,White,45.1,UP48CE4984,2026-06-20 13:39:27,Safe
14,Car,White,53.8,TS48OR3577,2026-06-20 13:39:28,Safe
13,Car,White,45.1,UP48CE4984,2026-06-20 13:39:29,Safe
14,Car,White,53.8,TS48OR3577,2026-06-20 13:39:29,Safe
13,Car,White,45.1,UP48CE4984,2026-06-20 13:39:30,Safe
14,Car,White,53.8,TS48OR3577,2026-06-20 13:39:30,Safe
13,Car,White,45.1,UP48CE4984,2026-06-20 13:39:31,Safe
14,Car,White,53.8,TS48OR3577,2026-06-20 13:39:31,Safe
14,Car,White,53.8,TS48OR3577,2026-06-20 13:39:32,Safe
14,Car,White,53.8,TS48OR3577,2026-06-20 13:39:33,Safe
14,Car,White,53.8,TS48OR3577,2026-06-20 13:39:34,Safe
14,Car,White,53.8,TS48OR3577,2026-06-20 13:39:35,Safe
14,Car,White,53.8,TS48OR3577,2026-06-20 13:39:36,Safe
15,Car,White,37.8,MH78FU3595,2026-06-20 13:39:39,Safe
16,Car,Gray,51.9,AP22BV8061,2026-06-20 13:39:40,Safe
15,Car,White,37.8,MH78FU3595,2026-06-20 13:39:40,Safe
16,Car,Gray,51.9,AP22BV8061,2026-06-20 13:39:41,Safe
15,Car,White,37.8,MH78FU3595,2026-06-20 13:39:41,Safe
16,Car,Gray,51.9,AP22BV8061,2026-06-20 13:39:42,Safe
15,Car,White,37.8,MH78FU3595,2026-06-20 13:39:42,Safe
17,Motorcycle,Gray,93.8,MH74AQ7471,2026-06-20 13:39:43,Overspeed
16,Car,Gray,51.9,AP22BV8061,2026-06-20 13:39:43,Safe
15,Car,White,37.8,MH78FU3595,2026-06-20 13:39:43,Safe
18,Car,Green,80.3,TS75TC8500,2026-06-20 13:39:43,Overspeed
17,Motorcycle,Gray,93.8,MH74AQ7471,2026-06-20 13:39:44,Overspeed
16,Car,Gray,51.9,AP22BV8061,2026-06-20 13:39:44,Safe
15,Car,White,37.8,MH78FU3595,2026-06-20 13:39:44,Safe
18,Car,Green,80.3,TS75TC8500,2026-06-20 13:39:44,Overspeed
17,Motorcycle,Gray,93.8,MH74AQ7471,2026-06-20 13:39:45,Overspeed
16,Car,Gray,51.9,AP22BV8061,2026-06-20 13:39:45,Safe
15,Car,White,37.8,MH78FU3595,2026-06-20 13:39:45,Safe
18,Car,Green,80.3,TS75TC8500,2026-06-20 13:39:45,Overspeed
17,Motorcycle,Gray,93.8,MH74AQ7471,2026-06-20 13:39:46,Overspeed
16,Car,Gray,51.9,AP22BV8061,2026-06-20 13:39:46,Safe
15,Car,White,37.8,MH78FU3595,2026-06-20 13:39:46,Safe
18,Car,Green,80.3,TS75TC8500,2026-06-20 13:39:46,Overspeed
17,Motorcycle,Gray,93.8,MH74AQ7471,2026-06-20 13:39:47,Overspeed
16,Car,Gray,51.9,AP22BV8061,2026-06-20 13:39:47,Safe
15,Car,White,37.8,MH78FU3595,2026-06-20 13:39:47,Safe
18,Car,Green,80.3,TS75TC8500,2026-06-20 13:39:47,Overspeed
16,Car,Gray,51.9,AP22BV8061,2026-06-20 13:39:48,Safe
15,Car,White,37.8,MH78FU3595,2026-06-20 13:39:48,Safe
18,Car,Green,80.3,TS75TC8500,2026-06-20 13:39:48,Overspeed
15,Car,White,37.8,MH78FU3595,2026-06-20 13:39:49,Safe
19,Truck,Yellow,38.6,TS35SZ9902,2026-06-20 13:39:51,Safe
20,Car,Yellow,87.8,UP56FZ8833,2026-06-20 13:39:51,Overspeed
19,Truck,Yellow,38.6,TS35SZ9902,2026-06-20 13:39:52,Safe
20,Car,Yellow,87.8,UP56FZ8833,2026-06-20 13:39:52,Overspeed
19,Truck,Yellow,38.6,TS35SZ9902,2026-06-20 13:39:53,Safe
20,Car,Yellow,87.8,UP56FZ8833,2026-06-20 13:39:53,Overspeed
21,Motorcycle,Black,49.8,AP43DV3010,2026-06-20 13:39:54,Safe
19,Truck,Yellow,38.6,TS35SZ9902,2026-06-20 13:39:54,Safe
20,Car,Yellow,87.8,UP56FZ8833,2026-06-20 13:39:54,Overspeed
21,Motorcycle,Black,49.8,AP43DV3010,2026-06-20 13:39:55,Safe
19,Truck,Yellow,38.6,TS35SZ9902,2026-06-20 13:39:55,Safe
20,Car,Yellow,87.8,UP56FZ8833,2026-06-20 13:39:55,Overspeed
21,Motorcycle,Black,49.8,AP43DV3010,2026-06-20 13:39:56,Safe
19,Truck,Yellow,38.6,TS35SZ9902,2026-06-20 13:39:56,Safe
21,Motorcycle,Black,49.8,AP43DV3010,2026-06-20 13:39:57,Safe
19,Truck,Yellow,38.6,TS35SZ9902,2026-06-20 13:39:57,Safe
22,Bus,Yellow,88.2,HR20AE7349,2026-06-20 13:39:58,Overspeed
21,Motorcycle,Black,49.8,AP43DV3010,2026-06-20 13:39:58,Safe
19,Truck,Yellow,38.6,TS35SZ9902,2026-06-20 13:39:58,Safe
22,Bus,Yellow,88.2,HR20AE7349,2026-06-20 13:39:59,Overspeed
21,Motorcycle,Black,49.8,AP43DV3010,2026-06-20 13:39:59,Safe
19,Truck,Yellow,38.6,TS35SZ9902,2026-06-20 13:39:59,Safe
22,Bus,Yellow,88.2,HR20AE7349,2026-06-20 13:40:00,Overspeed
21,Motorcycle,Black,49.8,AP43DV3010,2026-06-20 13:40:00,Safe
19,Truck,Yellow,38.6,TS35SZ9902,2026-06-20 13:40:00,Safe
22,Bus,Yellow,88.2,HR20AE7349,2026-06-20 13:40:01,Overspeed
21,Motorcycle,Black,49.8,AP43DV3010,2026-06-20 13:40:01,Safe
19,Truck,Yellow,38.6,TS35SZ9902,2026-06-20 13:40:02,Safe
22,Bus,Yellow,88.2,HR20AE7349,2026-06-20 13:40:02,Overspeed
23,Motorcycle,Blue,46.1,HR47ZM1270,2026-06-20 13:40:10,Safe
24,Car,White,48.6,HR19HY8642,2026-06-20 13:40:11,Safe
23,Motorcycle,Blue,46.1,HR47ZM1270,2026-06-20 13:40:11,Safe
24,Car,White,48.6,HR19HY8642,2026-06-20 13:40:12,Safe
23,Motorcycle,Blue,46.1,HR47ZM1270,2026-06-20 13:40:12,Safe
24,Car,White,48.6,HR19HY8642,2026-06-20 13:40:13,Safe
23,Motorcycle,Blue,46.1,HR47ZM1270,2026-06-20 13:40:13,Safe
24,Car,White,48.6,HR19HY8642,2026-06-20 13:40:14,Safe
23,Motorcycle,Blue,46.1,HR47ZM1270,2026-06-20 13:40:14,Safe
24,Car,White,48.6,HR19HY8642,2026-06-20 13:40:15,Safe
23,Motorcycle,Blue,46.1,HR47ZM1270,2026-06-20 13:40:15,Safe
24,Car,White,48.6,HR19HY8642,2026-06-20 13:40:16,Safe
23,Motorcycle,Blue,46.1,HR47ZM1270,2026-06-20 13:40:16,Safe
25,Car,Red,37.2,MH15NJ2037,2026-06-20 13:40:16,Safe
24,Car,White,48.6,HR19HY8642,2026-06-20 13:40:17,Safe
25,Car,Red,37.2,MH15NJ2037,2026-06-20 13:40:17,Safe
25,Car,Red,37.2,MH15NJ2037,2026-06-20 13:40:18,Safe
25,Car,Red,37.2,MH15NJ2037,2026-06-20 13:40:19,Safe
25,Car,Red,37.2,MH15NJ2037,2026-06-20 13:40:20,Safe
26,Car,Yellow,39.6,TS10VH6379,2026-06-20 13:40:21,Safe
25,Car,Red,37.2,MH15NJ2037,2026-06-20 13:40:21,Safe
26,Car,Yellow,39.6,TS10VH6379,2026-06-20 13:40:22,Safe
25,Car,Red,37.2,MH15NJ2037,2026-06-20 13:40:22,Safe
26,Car,Yellow,39.6,TS10VH6379,2026-06-20 13:40:23,Safe
26,Car,Yellow,39.6,TS10VH6379,2026-06-20 13:40:24,Safe
26,Car,Yellow,39.6,TS10VH6379,2026-06-20 13:40:25,Safe
26,Car,Yellow,39.6,TS10VH6379,2026-06-20 13:40:26,Safe
27,Car,Blue,38.4,UP17FI6055,2026-06-20 13:40:29,Safe
27,Car,Blue,38.4,UP17FI6055,2026-06-20 13:40:30,Safe
27,Car,Blue,38.4,UP17FI6055,2026-06-20 13:40:31,Safe
27,Car,Blue,38.4,UP17FI6055,2026-06-20 13:40:32,Safe
27,Car,Blue,38.4,UP17FI6055,2026-06-20 13:40:33,Safe
27,Car,Blue,38.4,UP17FI6055,2026-06-20 13:40:34,Safe
28,Bus,Gray,38.9,HR14SU4424,2026-06-20 13:40:34,Safe
27,Car,Blue,38.4,UP17FI6055,2026-06-20 13:40:35,Safe
28,Bus,Gray,38.9,HR14SU4424,2026-06-20 13:40:36,Safe
27,Car,Blue,38.4,UP17FI6055,2026-06-20 13:40:37,Safe
28,Bus,Gray,38.9,HR14SU4424,2026-06-20 13:40:37,Safe
28,Bus,Gray,38.9,HR14SU4424,2026-06-20 13:40:38,Safe
29,Car,Gray,54.4,KA69RT8059,2026-06-20 13:40:38,Safe
28,Bus,Gray,38.9,HR14SU4424,2026-06-20 13:40:39,Safe
29,Car,Gray,54.4,KA69RT8059,2026-06-20 13:40:40,Safe
28,Bus,Gray,38.9,HR14SU4424,2026-06-20 13:40:40,Safe
29,Car,Gray,54.4,KA69RT8059,2026-06-20 13:40:41,Safe
28,Bus,Gray,38.9,HR14SU4424,2026-06-20 13:40:41,Safe
29,Car,Gray,54.4,KA69RT8059,2026-06-20 13:40:42,Safe
28,Bus,Gray,38.9,HR14SU4424,2026-06-20 13:40:42,Safe
29,Car,Gray,54.4,KA69RT8059,2026-06-20 13:40:43,Safe
28,Bus,Gray,38.9,HR14SU4424,2026-06-20 13:40:43,Safe
29,Car,Gray,54.4,KA69RT8059,2026-06-20 13:40:44,Safe
28,Bus,Gray,38.9,HR14SU4424,2026-06-20 13:40:44,Safe
29,Car,Gray,54.4,KA69RT8059,2026-06-20 13:40:45,Safe
30,Car,Yellow,54.0,UP11DD8307,2026-06-20 13:40:48,Safe
31,Motorcycle,Green,36.9,DL58EO9706,2026-06-20 13:40:49,Safe
30,Car,Yellow,54.0,UP11DD8307,2026-06-20 13:40:49,Safe
31,Motorcycle,Green,36.9,DL58EO9706,2026-06-20 13:40:50,Safe
30,Car,Yellow,54.0,UP11DD8307,2026-06-20 13:40:50,Safe
31,Motorcycle,Green,36.9,DL58EO9706,2026-06-20 13:40:51,Safe
30,Car,Yellow,54.0,UP11DD8307,2026-06-20 13:40:51,Safe
31,Motorcycle,Green,36.9,DL58EO9706,2026-06-20 13:40:52,Safe
30,Car,Yellow,54.0,UP11DD8307,2026-06-20 13:40:52,Safe
31,Motorcycle,Green,36.9,DL58EO9706,2026-06-20 13:40:53,Safe
30,Car,Yellow,54.0,UP11DD8307,2026-06-20 13:40:53,Safe
31,Motorcycle,Green,36.9,DL58EO9706,2026-06-20 13:40:54,Safe
31,Motorcycle,Green,36.9,DL58EO9706,2026-06-20 13:40:55,Safe
31,Motorcycle,Green,36.9,DL58EO9706,2026-06-20 13:40:56,Safe
31,Motorcycle,Green,36.9,DL58EO9706,2026-06-20 13:40:57,Safe
32,Car,Red,76.1,KA68WW3537,2026-06-20 13:41:00,Overspeed
32,Car,Red,76.1,KA68WW3537,2026-06-20 13:41:01,Overspeed
32,Car,Red,76.1,KA68WW3537,2026-06-20 13:41:02,Overspeed
33,Truck,Blue,37.8,HR45EW3783,2026-06-20 13:41:03,Safe
32,Car,Red,76.1,KA68WW3537,2026-06-20 13:41:03,Overspeed
33,Truck,Blue,37.8,HR45EW3783,2026-06-20 13:41:04,Safe
32,Car,Red,76.1,KA68WW3537,2026-06-20 13:41:04,Overspeed
33,Truck,Blue,37.8,HR45EW3783,2026-06-20 13:41:05,Safe
32,Car,Red,76.1,KA68WW3537,2026-06-20 13:41:05,Overspeed
33,Truck,Blue,37.8,HR45EW3783,2026-06-20 13:41:06,Safe
34,Motorcycle,Gray,37.8,HR68EU3076,2026-06-20 13:41:06,Safe
33,Truck,Blue,37.8,HR45EW3783,2026-06-20 13:41:07,Safe
34,Motorcycle,Gray,37.8,HR68EU3076,2026-06-20 13:41:07,Safe
33,Truck,Blue,37.8,HR45EW3783,2026-06-20 13:41:08,Safe
34,Motorcycle,Gray,37.8,HR68EU3076,2026-06-20 13:41:08,Safe
33,Truck,Blue,37.8,HR45EW3783,2026-06-20 13:41:09,Safe
34,Motorcycle,Gray,37.8,HR68EU3076,2026-06-20 13:41:10,Safe
33,Truck,Blue,37.8,HR45EW3783,2026-06-20 13:41:10,Safe
34,Motorcycle,Gray,37.8,HR68EU3076,2026-06-20 13:41:11,Safe
33,Truck,Blue,37.8,HR45EW3783,2026-06-20 13:41:11,Safe
34,Motorcycle,Gray,37.8,HR68EU3076,2026-06-20 13:41:12,Safe
33,Truck,Blue,37.8,HR45EW3783,2026-06-20 13:41:12,Safe
34,Motorcycle,Gray,37.8,HR68EU3076,2026-06-20 13:41:13,Safe
33,Truck,Blue,37.8,HR45EW3783,2026-06-20 13:41:13,Safe
34,Motorcycle,Gray,37.8,HR68EU3076,2026-06-20 13:41:14,Safe
33,Truck,Blue,37.8,HR45EW3783,2026-06-20 13:41:14,Safe
34,Motorcycle,Gray,37.8,HR68EU3076,2026-06-20 13:41:15,Safe
34,Motorcycle,Gray,37.8,HR68EU3076,2026-06-20 13:41:16,Safe
35,Truck,Blue,45.7,TS21UJ6504,2026-06-20 13:41:16,Safe
35,Truck,Blue,45.7,TS21UJ6504,2026-06-20 13:41:17,Safe
35,Truck,Blue,45.7,TS21UJ6504,2026-06-20 13:41:18,Safe
35,Truck,Blue,45.7,TS21UJ6504,2026-06-20 13:41:19,Safe
35,Truck,Blue,45.7,TS21UJ6504,2026-06-20 13:41:20,Safe
36,Car,Black,72.2,TS72HZ3946,2026-06-20 13:41:21,Overspeed
35,Truck,Blue,45.7,TS21UJ6504,2026-06-20 13:41:21,Safe
36,Car,Black,72.2,TS72HZ3946,2026-06-20 13:41:22,Overspeed
35,Truck,Blue,45.7,TS21UJ6504,2026-06-20 13:41:22,Safe
36,Car,Black,72.2,TS72HZ3946,2026-06-20 13:41:23,Overspeed
35,Truck,Blue,45.7,TS21UJ6504,2026-06-20 13:41:24,Safe
36,Car,Black,72.2,TS72HZ3946,2026-06-20 13:41:24,Overspeed
35,Truck,Blue,45.7,TS21UJ6504,2026-06-20 13:41:25,Safe
36,Car,Black,72.2,TS72HZ3946,2026-06-20 13:41:25,Overspeed
35,Truck,Blue,45.7,TS21UJ6504,2026-06-20 13:41:26,Safe
36,Car,Black,72.2,TS72HZ3946,2026-06-20 13:41:26,Overspeed
37,Car,Blue,92.4,KA57DZ4278,2026-06-20 13:41:35,Overspeed
37,Car,Blue,92.4,KA57DZ4278,2026-06-20 13:41:36,Overspeed
37,Car,Blue,92.4,KA57DZ4278,2026-06-20 13:41:37,Overspeed
38,Car,Green,90.0,DL62OA9423,2026-06-20 13:41:38,Overspeed
37,Car,Blue,92.4,KA57DZ4278,2026-06-20 13:41:38,Overspeed
38,Car,Green,90.0,DL62OA9423,2026-06-20 13:41:39,Overspeed
39,Car,Blue,50.5,UP90GC1241,2026-06-20 13:41:39,Safe
38,Car,Green,90.0,DL62OA9423,2026-06-20 13:41:40,Overspeed
39,Car,Blue,50.5,UP90GC1241,2026-06-20 13:41:40,Safe
38,Car,Green,90.0,DL62OA9423,2026-06-20 13:41:41,Overspeed
39,Car,Blue,50.5,UP90GC1241,2026-06-20 13:41:41,Safe
39,Car,Blue,50.5,UP90GC1241,2026-06-20 13:41:42,Safe
39,Car,Blue,50.5,UP90GC1241,2026-06-20 13:41:43,Safe
40,Car,Green,73.8,KA29YR6544,2026-06-20 13:41:44,Overspeed
39,Car,Blue,50.5,UP90GC1241,2026-06-20 13:41:44,Safe
40,Car,Green,73.8,KA29YR6544,2026-06-20 13:41:45,Overspeed
39,Car,Blue,50.5,UP90GC1241,2026-06-20 13:41:45,Safe
40,Car,Green,73.8,KA29YR6544,2026-06-20 13:41:46,Overspeed
39,Car,Blue,50.5,UP90GC1241,2026-06-20 13:41:46,Safe
40,Car,Green,73.8,KA29YR6544,2026-06-20 13:41:47,Overspeed
39,Car,Blue,50.5,UP90GC1241,2026-06-20 13:41:47,Safe
40,Car,Green,73.8,KA29YR6544,2026-06-20 13:41:48,Overspeed
40,Car,Green,73.8,KA29YR6544,2026-06-20 13:41:49,Overspeed
40,Car,Green,73.8,KA29YR6544,2026-06-20 13:41:50,Overspeed
40,Car,Green,73.8,KA29YR6544,2026-06-20 13:41:51,Overspeed
41,Car,Yellow,44.0,TS59GF2147,2026-06-20 13:41:57,Safe
42,Car,Gray,36.2,AP12EP7736,2026-06-20 13:41:58,Safe
41,Car,Yellow,44.0,TS59GF2147,2026-06-20 13:41:59,Safe
42,Car,Gray,36.2,AP12EP7736,2026-06-20 13:41:59,Safe
41,Car,Yellow,44.0,TS59GF2147,2026-06-20 13:42:00,Safe
42,Car,Gray,36.2,AP12EP7736,2026-06-20 13:42:00,Safe
41,Car,Yellow,44.0,TS59GF2147,2026-06-20 13:42:01,Safe
42,Car,Gray,36.2,AP12EP7736,2026-06-20 13:42:01,Safe
41,Car,Yellow,44.0,TS59GF2147,2026-06-20 13:42:02,Safe
43,Car,Black,54.2,MH37HK8902,2026-06-20 13:42:02,Safe
42,Car,Gray,36.2,AP12EP7736,2026-06-20 13:42:02,Safe
41,Car,Yellow,44.0,TS59GF2147,2026-06-20 13:42:03,Safe
43,Car,Black,54.2,MH37HK8902,2026-06-20 13:42:03,Safe
42,Car,Gray,36.2,AP12EP7736,2026-06-20 13:42:03,Safe
41,Car,Yellow,44.0,TS59GF2147,2026-06-20 13:42:04,Safe
43,Car,Black,54.2,MH37HK8902,2026-06-20 13:42:04,Safe
42,Car,Gray,36.2,AP12EP7736,2026-06-20 13:42:04,Safe
44,Car,White,43.9,MH55FR1022,2026-06-20 13:42:05,Safe
41,Car,Yellow,44.0,TS59GF2147,2026-06-20 13:42:05,Safe
43,Car,Black,54.2,MH37HK8902,2026-06-20 13:42:05,Safe
42,Car,Gray,36.2,AP12EP7736,2026-06-20 13:42:05,Safe
44,Car,White,43.9,MH55FR1022,2026-06-20 13:42:06,Safe
41,Car,Yellow,44.0,TS59GF2147,2026-06-20 13:42:06,Safe
43,Car,Black,54.2,MH37HK8902,2026-06-20 13:42:06,Safe
42,Car,Gray,36.2,AP12EP7736,2026-06-20 13:42:06,Safe
44,Car,White,43.9,MH55FR1022,2026-06-20 13:42:07,Safe
41,Car,Yellow,44.0,TS59GF2147,2026-06-20 13:42:07,Safe
43,Car,Black,54.2,MH37HK8902,2026-06-20 13:42:07,Safe
45,Truck,Blue,72.8,KA97YZ6026,2026-06-20 13:42:07,Overspeed
42,Car,Gray,36.2,AP12EP7736,2026-06-20 13:42:07,Safe
44,Car,White,43.9,MH55FR1022,2026-06-20 13:42:08,Safe
43,Car,Black,54.2,MH37HK8902,2026-06-20 13:42:08,Safe
45,Truck,Blue,72.8,KA97YZ6026,2026-06-20 13:42:08,Overspeed
42,Car,Gray,36.2,AP12EP7736,2026-06-20 13:42:08,Safe
44,Car,White,43.9,MH55FR1022,2026-06-20 13:42:09,Safe
43,Car,Black,54.2,MH37HK8902,2026-06-20 13:42:09,Safe
45,Truck,Blue,72.8,KA97YZ6026,2026-06-20 13:42:09,Overspeed
42,Car,Gray,36.2,AP12EP7736,2026-06-20 13:42:10,Safe
44,Car,White,43.9,MH55FR1022,2026-06-20 13:42:10,Safe
46,Car,Green,84.6,MH52FL6360,2026-06-20 13:42:10,Overspeed
45,Truck,Blue,72.8,KA97YZ6026,2026-06-20 13:42:10,Overspeed
44,Car,White,43.9,MH55FR1022,2026-06-20 13:42:11,Safe
46,Car,Green,84.6,MH52FL6360,2026-06-20 13:42:11,Overspeed
45,Truck,Blue,72.8,KA97YZ6026,2026-06-20 13:42:11,Overspeed
44,Car,White,43.9,MH55FR1022,2026-06-20 13:42:12,Safe
46,Car,Green,84.6,MH52FL6360,2026-06-20 13:42:12,Overspeed
45,Truck,Blue,72.8,KA97YZ6026,2026-06-20 13:42:13,Overspeed
47,Car,Red,40.5,MH17OS6882,2026-06-20 13:42:13,Safe
44,Car,White,43.9,MH55FR1022,2026-06-20 13:42:13,Safe
46,Car,Green,84.6,MH52FL6360,2026-06-20 13:42:13,Overspeed
47,Car,Red,40.5,MH17OS6882,2026-06-20 13:42:14,Safe
46,Car,Green,84.6,MH52FL6360,2026-06-20 13:42:14,Overspeed
47,Car,Red,40.5,MH17OS6882,2026-06-20 13:42:15,Safe
47,Car,Red,40.5,MH17OS6882,2026-06-20 13:42:16,Safe
48,Truck,Gray,53.8,TS84DL6211,2026-06-20 13:42:16,Safe
47,Car,Red,40.5,MH17OS6882,2026-06-20 13:42:17,Safe
48,Truck,Gray,53.8,TS84DL6211,2026-06-20 13:42:17,Safe
47,Car,Red,40.5,MH17OS6882,2026-06-20 13:42:18,Safe
49,Car,Green,53.4,TS65PU2040,2026-06-20 13:42:18,Safe
48,Truck,Gray,53.8,TS84DL6211,2026-06-20 13:42:18,Safe
47,Car,Red,40.5,MH17OS6882,2026-06-20 13:42:19,Safe
49,Car,Green,53.4,TS65PU2040,2026-06-20 13:42:19,Safe
48,Truck,Gray,53.8,TS84DL6211,2026-06-20 13:42:19,Safe
50,Car,Gray,86.0,HR72ZI3762,2026-06-20 13:42:19,Overspeed
51,Truck,Green,39.0,TS97GT2905,2026-06-20 13:42:20,Safe
47,Car,Red,40.5,MH17OS6882,2026-06-20 13:42:20,Safe
49,Car,Green,53.4,TS65PU2040,2026-06-20 13:42:20,Safe
48,Truck,Gray,53.8,TS84DL6211,2026-06-20 13:42:20,Safe
50,Car,Gray,86.0,HR72ZI3762,2026-06-20 13:42:20,Overspeed
51,Truck,Green,39.0,TS97GT2905,2026-06-20 13:42:21,Safe
47,Car,Red,40.5,MH17OS6882,2026-06-20 13:42:21,Safe
49,Car,Green,53.4,TS65PU2040,2026-06-20 13:42:21,Safe
48,Truck,Gray,53.8,TS84DL6211,2026-06-20 13:42:21,Safe
50,Car,Gray,86.0,HR72ZI3762,2026-06-20 13:42:21,Overspeed
51,Truck,Green,39.0,TS97GT2905,2026-06-20 13:42:22,Safe
49,Car,Green,53.4,TS65PU2040,2026-06-20 13:42:22,Safe
48,Truck,Gray,53.8,TS84DL6211,2026-06-20 13:42:22,Safe
50,Car,Gray,86.0,HR72ZI3762,2026-06-20 13:42:22,Overspeed
51,Truck,Green,39.0,TS97GT2905,2026-06-20 13:42:23,Safe
49,Car,Green,53.4,TS65PU2040,2026-06-20 13:42:23,Safe
48,Truck,Gray,53.8,TS84DL6211,2026-06-20 13:42:23,Safe
50,Car,Gray,86.0,HR72ZI3762,2026-06-20 13:42:24,Overspeed
51,Truck,Green,39.0,TS97GT2905,2026-06-20 13:42:24,Safe
49,Car,Green,53.4,TS65PU2040,2026-06-20 13:42:24,Safe
50,Car,Gray,86.0,HR72ZI3762,2026-06-20 13:42:25,Overspeed
51,Truck,Green,39.0,TS97GT2905,2026-06-20 13:42:25,Safe
49,Car,Green,53.4,TS65PU2040,2026-06-20 13:42:25,Safe
51,Truck,Green,39.0,TS97GT2905,2026-06-20 13:42:26,Safe
51,Truck,Green,39.0,TS97GT2905,2026-06-20 13:42:27,Safe
51,Truck,Green,39.0,TS97GT2905,2026-06-20 13:42:28,Safe
52,Bus,Green,38.2,UP84AS5147,2026-06-20 13:42:28,Safe
51,Truck,Green,39.0,TS97GT2905,2026-06-20 13:42:29,Safe
52,Bus,Green,38.2,UP84AS5147,2026-06-20 13:42:29,Safe
51,Truck,Green,39.0,TS97GT2905,2026-06-20 13:42:30,Safe
52,Bus,Green,38.2,UP84AS5147,2026-06-20 13:42:30,Safe
51,Truck,Green,39.0,TS97GT2905,2026-06-20 13:42:31,Safe
52,Bus,Green,38.2,UP84AS5147,2026-06-20 13:42:31,Safe
52,Bus,Green,38.2,UP84AS5147,2026-06-20 13:42:32,Safe
52,Bus,Green,38.2,UP84AS5147,2026-06-20 13:42:33,Safe
52,Bus,Green,38.2,UP84AS5147,2026-06-20 13:42:35,Safe
52,Bus,Green,38.2,UP84AS5147,2026-06-20 13:42:36,Safe
52,Bus,Green,38.2,UP84AS5147,2026-06-20 13:42:37,Safe
52,Bus,Green,38.2,UP84AS5147,2026-06-20 13:42:38,Safe
53,Car,Red,47.5,AP46EK7447,2026-06-20 13:42:45,Safe
54,Truck,Gray,38.5,HR35XG1582,2026-06-20 13:42:46,Safe
53,Car,Red,47.5,AP46EK7447,2026-06-20 13:42:46,Safe
54,Truck,Gray,38.5,HR35XG1582,2026-06-20 13:42:47,Safe
53,Car,Red,47.5,AP46EK7447,2026-06-20 13:42:47,Safe
54,Truck,Gray,38.5,HR35XG1582,2026-06-20 13:42:48,Safe
53,Car,Red,47.5,AP46EK7447,2026-06-20 13:42:48,Safe
55,Car,Blue,89.9,DL41SX9252,2026-06-20 13:42:48,Overspeed
54,Truck,Gray,38.5,HR35XG1582,2026-06-20 13:42:49,Safe
53,Car,Red,47.5,AP46EK7447,2026-06-20 13:42:49,Safe
55,Car,Blue,89.9,DL41SX9252,2026-06-20 13:42:49,Overspeed
54,Truck,Gray,38.5,HR35XG1582,2026-06-20 13:42:50,Safe
53,Car,Red,47.5,AP46EK7447,2026-06-20 13:42:50,Safe
55,Car,Blue,89.9,DL41SX9252,2026-06-20 13:42:50,Overspeed
54,Truck,Gray,38.5,HR35XG1582,2026-06-20 13:42:51,Safe
53,Car,Red,47.5,AP46EK7447,2026-06-20 13:42:51,Safe
55,Car,Blue,89.9,DL41SX9252,2026-06-20 13:42:52,Overspeed
54,Truck,Gray,38.5,HR35XG1582,2026-06-20 13:42:52,Safe
54,Truck,Gray,38.5,HR35XG1582,2026-06-20 13:42:53,Safe
56,Car,Black,40.4,AP68QJ9067,2026-06-20 13:42:54,Safe
56,Car,Black,40.4,AP68QJ9067,2026-06-20 13:42:55,Safe
56,Car,Black,40.4,AP68QJ9067,2026-06-20 13:42:56,Safe
56,Car,Black,40.4,AP68QJ9067,2026-06-20 13:42:57,Safe
56,Car,Black,40.4,AP68QJ9067,2026-06-20 13:42:58,Safe
56,Car,Black,40.4,AP68QJ9067,2026-06-20 13:42:59,Safe
56,Car,Black,40.4,AP68QJ9067,2026-06-20 13:43:00,Safe
57,Bus,Blue,41.6,TS60FN2414,2026-06-20 13:43:01,Safe
56,Car,Black,40.4,AP68QJ9067,2026-06-20 13:43:01,Safe
57,Bus,Blue,41.6,TS60FN2414,2026-06-20 13:43:02,Safe
56,Car,Black,40.4,AP68QJ9067,2026-06-20 13:43:02,Safe
57,Bus,Blue,41.6,TS60FN2414,2026-06-20 13:43:03,Safe
57,Bus,Blue,41.6,TS60FN2414,2026-06-20 13:43:04,Safe
57,Bus,Blue,41.6,TS60FN2414,2026-06-20 13:43:05,Safe
57,Bus,Blue,41.6,TS60FN2414,2026-06-20 13:43:06,Safe
58,Car,White,50.3,KA11MV5820,2026-06-20 13:43:07,Safe
57,Bus,Blue,41.6,TS60FN2414,2026-06-20 13:43:07,Safe
58,Car,White,50.3,KA11MV5820,2026-06-20 13:43:08,Safe
57,Bus,Blue,41.6,TS60FN2414,2026-06-20 13:43:08,Safe
58,Car,White,50.3,KA11MV5820,2026-06-20 13:43:09,Safe
57,Bus,Blue,41.6,TS60FN2414,2026-06-20 13:43:09,Safe
58,Car,White,50.3,KA11MV5820,2026-06-20 13:43:10,Safe
57,Bus,Blue,41.6,TS60FN2414,2026-06-20 13:43:10,Safe
58,Car,White,50.3,KA11MV5820,2026-06-20 13:43:11,Safe
58,Car,White,50.3,KA11MV5820,2026-06-20 13:43:12,Safe
59,Motorcycle,White,36.5,UP22DN2129,2026-06-20 13:43:12,Safe
58,Car,White,50.3,KA11MV5820,2026-06-20 13:43:13,Safe
59,Motorcycle,White,36.5,UP22DN2129,2026-06-20 13:43:13,Safe
58,Car,White,50.3,KA11MV5820,2026-06-20 13:43:14,Safe
59,Motorcycle,White,36.5,UP22DN2129,2026-06-20 13:43:14,Safe
59,Motorcycle,White,36.5,UP22DN2129,2026-06-20 13:43:15,Safe
59,Motorcycle,White,36.5,UP22DN2129,2026-06-20 13:43:16,Safe
59,Motorcycle,White,36.5,UP22DN2129,2026-06-20 13:43:17,Safe
59,Motorcycle,White,36.5,UP22DN2129,2026-06-20 13:43:18,Safe
59,Motorcycle,White,36.5,UP22DN2129,2026-06-20 13:43:19,Safe
60,Car,Red,35.4,MH24XX7651,2026-06-20 13:43:21,Safe
60,Car,Red,35.4,MH24XX7651,2026-06-20 13:43:22,Safe
60,Car,Red,35.4,MH24XX7651,2026-06-20 13:43:23,Safe
60,Car,Red,35.4,MH24XX7651,2026-06-20 13:43:24,Safe
60,Car,Red,35.4,MH24XX7651,2026-06-20 13:43:25,Safe
60,Car,Red,35.4,MH24XX7651,2026-06-20 13:43:26,Safe
61,Car,Yellow,40.8,UP10NJ2678,2026-06-20 13:43:27,Safe
60,Car,Red,35.4,MH24XX7651,2026-06-20 13:43:27,Safe
61,Car,Yellow,40.8,UP10NJ2678,2026-06-20 13:43:28,Safe
60,Car,Red,35.4,MH24XX7651,2026-06-20 13:43:28,Safe
61,Car,Yellow,40.8,UP10NJ2678,2026-06-20 13:43:29,Safe
60,Car,Red,35.4,MH24XX7651,2026-06-20 13:43:29,Safe
61,Car,Yellow,40.8,UP10NJ2678,2026-06-20 13:43:30,Safe
60,Car,Red,35.4,MH24XX7651,2026-06-20 13:43:30,Safe
61,Car,Yellow,40.8,UP10NJ2678,2026-06-20 13:43:31,Safe
60,Car,Red,35.4,MH24XX7651,2026-06-20 13:43:31,Safe
61,Car,Yellow,40.8,UP10NJ2678,2026-06-20 13:43:32,Safe
61,Car,Yellow,40.8,UP10NJ2678,2026-06-20 13:43:33,Safe
61,Car,Yellow,40.8,UP10NJ2678,2026-06-20 13:43:34,Safe
61,Car,Yellow,40.8,UP10NJ2678,2026-06-20 13:43:35,Safe
61,Car,Yellow,40.8,UP10NJ2678,2026-06-20 13:43:37,Safe
62,Car,Black,37.3,TS82JB7662,2026-06-20 13:43:38,Safe
62,Car,Black,37.3,TS82JB7662,2026-06-20 13:43:39,Safe
62,Car,Black,37.3,TS82JB7662,2026-06-20 13:43:40,Safe
62,Car,Black,37.3,TS82JB7662,2026-06-20 13:43:41,Safe
62,Car,Black,37.3,TS82JB7662,2026-06-20 13:43:43,Safe
62,Car,Black,37.3,TS82JB7662,2026-06-20 13:43:44,Safe
62,Car,Black,37.3,TS82JB7662,2026-06-20 13:43:45,Safe
62,Car,Black,37.3,TS82JB7662,2026-06-20 13:43:46,Safe
62,Car,Black,37.3,TS82JB7662,2026-06-20 13:43:47,Safe
62,Car,Black,37.3,TS82JB7662,2026-06-20 13:43:48,Safe
63,Motorcycle,Yellow,94.4,KA76KB9739,2026-06-20 13:43:49,Overspeed
63,Motorcycle,Yellow,94.4,KA76KB9739,2026-06-20 13:43:50,Overspeed
63,Motorcycle,Yellow,94.4,KA76KB9739,2026-06-20 13:43:51,Overspeed
63,Motorcycle,Yellow,94.4,KA76KB9739,2026-06-20 13:43:52,Overspeed
63,Motorcycle,Yellow,94.4,KA76KB9739,2026-06-20 13:43:53,Overspeed
64,Motorcycle,White,73.5,AP37IX9110,2026-06-20 13:44:00,Overspeed
65,Car,Red,39.9,HR89IP8390,2026-06-20 13:44:01,Safe
64,Motorcycle,White,73.5,AP37IX9110,2026-06-20 13:44:01,Overspeed
65,Car,Red,39.9,HR89IP8390,2026-06-20 13:44:02,Safe
64,Motorcycle,White,73.5,AP37IX9110,2026-06-20 13:44:02,Overspeed
65,Car,Red,39.9,HR89IP8390,2026-06-20 13:44:03,Safe
64,Motorcycle,White,73.5,AP37IX9110,2026-06-20 13:44:03,Overspeed
65,Car,Red,39.9,HR89IP8390,2026-06-20 13:44:04,Safe
64,Motorcycle,White,73.5,AP37IX9110,2026-06-20 13:44:04,Overspeed
65,Car,Red,39.9,HR89IP8390,2026-06-20 13:44:05,Safe
65,Car,Red,39.9,HR89IP8390,2026-06-20 13:44:06,Safe
65,Car,Red,39.9,HR89IP8390,2026-06-20 13:44:07,Safe
65,Car,Red,39.9,HR89IP8390,2026-06-20 13:44:08,Safe
65,Car,Red,39.9,HR89IP8390,2026-06-20 13:44:09,Safe
66,Car,White,92.5,HR98OR8854,2026-06-20 13:44:12,Overspeed
66,Car,White,92.5,HR98OR8854,2026-06-20 13:44:13,Overspeed
66,Car,White,92.5,HR98OR8854,2026-06-20 13:44:14,Overspeed
66,Car,White,92.5,HR98OR8854,2026-06-20 13:44:15,Overspeed
67,Car,Yellow,86.5,HR48VE8470,2026-06-20 13:44:18,Overspeed
67,Car,Yellow,86.5,HR48VE8470,2026-06-20 13:44:19,Overspeed
68,Car,Red,72.5,KA90YD3457,2026-06-20 13:44:20,Overspeed
67,Car,Yellow,86.5,HR48VE8470,2026-06-20 13:44:20,Overspeed
68,Car,Red,72.5,KA90YD3457,2026-06-20 13:44:21,Overspeed
67,Car,Yellow,86.5,HR48VE8470,2026-06-20 13:44:22,Overspeed
68,Car,Red,72.5,KA90YD3457,2026-06-20 13:44:22,Overspeed
68,Car,Red,72.5,KA90YD3457,2026-06-20 13:44:23,Overspeed
68,Car,Red,72.5,KA90YD3457,2026-06-20 13:44:24,Overspeed
69,Car,Yellow,45.9,AP13QK4562,2026-06-20 13:44:25,Safe
69,Car,Yellow,45.9,AP13QK4562,2026-06-20 13:44:26,Safe
69,Car,Yellow,45.9,AP13QK4562,2026-06-20 13:44:27,Safe
70,Motorcycle,Yellow,37.8,UP99QV3987,2026-06-20 13:44:27,Safe
69,Car,Yellow,45.9,AP13QK4562,2026-06-20 13:44:29,Safe
70,Motorcycle,Yellow,37.8,UP99QV3987,2026-06-20 13:44:29,Safe
69,Car,Yellow,45.9,AP13QK4562,2026-06-20 13:44:30,Safe
70,Motorcycle,Yellow,37.8,UP99QV3987,2026-06-20 13:44:30,Safe
69,Car,Yellow,45.9,AP13QK4562,2026-06-20 13:44:31,Safe
70,Motorcycle,Yellow,37.8,UP99QV3987,2026-06-20 13:44:31,Safe
69,Car,Yellow,45.9,AP13QK4562,2026-06-20 13:44:32,Safe
70,Motorcycle,Yellow,37.8,UP99QV3987,2026-06-20 13:44:32,Safe
71,Car,Gray,47.7,AP20JR9572,2026-06-20 13:44:32,Safe
70,Motorcycle,Yellow,37.8,UP99QV3987,2026-06-20 13:44:33,Safe
71,Car,Gray,47.7,AP20JR9572,2026-06-20 13:44:33,Safe
70,Motorcycle,Yellow,37.8,UP99QV3987,2026-06-20 13:44:34,Safe
71,Car,Gray,47.7,AP20JR9572,2026-06-20 13:44:34,Safe
70,Motorcycle,Yellow,37.8,UP99QV3987,2026-06-20 13:44:35,Safe
71,Car,Gray,47.7,AP20JR9572,2026-06-20 13:44:35,Safe
71,Car,Gray,47.7,AP20JR9572,2026-06-20 13:44:36,Safe
72,Car,Blue,86.6,HR53SQ2275,2026-06-20 13:44:37,Overspeed
71,Car,Gray,47.7,AP20JR9572,2026-06-20 13:44:37,Safe
72,Car,Blue,86.6,HR53SQ2275,2026-06-20 13:44:38,Overspeed
71,Car,Gray,47.7,AP20JR9572,2026-06-20 13:44:38,Safe
72,Car,Blue,86.6,HR53SQ2275,2026-06-20 13:44:39,Overspeed
72,Car,Blue,86.6,HR53SQ2275,2026-06-20 13:44:40,Overspeed
73,Motorcycle,Blue,53.2,UP99DJ4356,2026-06-20 13:44:40,Safe
73,Motorcycle,Blue,53.2,UP99DJ4356,2026-06-20 13:44:41,Safe
73,Motorcycle,Blue,53.2,UP99DJ4356,2026-06-20 13:44:42,Safe
74,Truck,Red,52.4,HR98JO3350,2026-06-20 13:44:42,Safe
73,Motorcycle,Blue,53.2,UP99DJ4356,2026-06-20 13:44:43,Safe
74,Truck,Red,52.4,HR98JO3350,2026-06-20 13:44:43,Safe
75,Motorcycle,Gray,77.7,MH28ZU6211,2026-06-20 13:44:44,Overspeed
73,Motorcycle,Blue,53.2,UP99DJ4356,2026-06-20 13:44:44,Safe
74,Truck,Red,52.4,HR98JO3350,2026-06-20 13:44:44,Safe
75,Motorcycle,Gray,77.7,MH28ZU6211,2026-06-20 13:44:45,Overspeed
73,Motorcycle,Blue,53.2,UP99DJ4356,2026-06-20 13:44:45,Safe
76,Car,Yellow,36.7,UP33XX4590,2026-06-20 13:44:45,Safe
74,Truck,Red,52.4,HR98JO3350,2026-06-20 13:44:45,Safe
75,Motorcycle,Gray,77.7,MH28ZU6211,2026-06-20 13:44:46,Overspeed
76,Car,Yellow,36.7,UP33XX4590,2026-06-20 13:44:46,Safe
74,Truck,Red,52.4,HR98JO3350,2026-06-20 13:44:46,Safe
77,Car,White,43.5,DL98HH5519,2026-06-20 13:44:46,Safe
75,Motorcycle,Gray,77.7,MH28ZU6211,2026-06-20 13:44:47,Overspeed
76,Car,Yellow,36.7,UP33XX4590,2026-06-20 13:44:47,Safe
74,Truck,Red,52.4,HR98JO3350,2026-06-20 13:44:47,Safe
77,Car,White,43.5,DL98HH5519,2026-06-20 13:44:47,Safe
76,Car,Yellow,36.7,UP33XX4590,2026-06-20 13:44:48,Safe
74,Truck,Red,52.4,HR98JO3350,2026-06-20 13:44:48,Safe
77,Car,White,43.5,DL98HH5519,2026-06-20 13:44:48,Safe
76,Car,Yellow,36.7,UP33XX4590,2026-06-20 13:44:49,Safe
77,Car,White,43.5,DL98HH5519,2026-06-20 13:44:49,Safe
78,Bus,Blue,89.6,UP74EY4657,2026-06-20 13:44:50,Overspeed
76,Car,Yellow,36.7,UP33XX4590,2026-06-20 13:44:50,Safe
77,Car,White,43.5,DL98HH5519,2026-06-20 13:44:50,Safe
78,Bus,Blue,89.6,UP74EY4657,2026-06-20 13:44:51,Overspeed
76,Car,Yellow,36.7,UP33XX4590,2026-06-20 13:44:51,Safe
77,Car,White,43.5,DL98HH5519,2026-06-20 13:44:51,Safe
78,Bus,Blue,89.6,UP74EY4657,2026-06-20 13:44:52,Overspeed
76,Car,Yellow,36.7,UP33XX4590,2026-06-20 13:44:52,Safe
77,Car,White,43.5,DL98HH5519,2026-06-20 13:44:52,Safe
78,Bus,Blue,89.6,UP74EY4657,2026-06-20 13:44:53,Overspeed
76,Car,Yellow,36.7,UP33XX4590,2026-06-20 13:44:53,Safe
77,Car,White,43.5,DL98HH5519,2026-06-20 13:44:53,Safe
79,Car,Red,86.0,KA12UT7308,2026-06-20 13:44:59,Overspeed
79,Car,Red,86.0,KA12UT7308,2026-06-20 13:45:00,Overspeed
79,Car,Red,86.0,KA12UT7308,2026-06-20 13:45:01,Overspeed
79,Car,Red,86.0,KA12UT7308,2026-06-20 13:45:03,Overspeed
79,Car,Red,86.0,KA12UT7308,2026-06-20 13:45:04,Overspeed
80,Truck,White,47.1,HR36QD6544,2026-06-20 13:45:11,Safe
80,Truck,White,47.1,HR36QD6544,2026-06-20 13:45:12,Safe
80,Truck,White,47.1,HR36QD6544,2026-06-20 13:45:13,Safe
80,Truck,White,47.1,HR36QD6544,2026-06-20 13:45:14,Safe
80,Truck,White,47.1,HR36QD6544,2026-06-20 13:45:15,Safe
80,Truck,White,47.1,HR36QD6544,2026-06-20 13:45:16,Safe
80,Truck,White,47.1,HR36QD6544,2026-06-20 13:45:17,Safe
81,Car,Red,45.3,HR70ZF9933,2026-06-20 13:45:21,Safe
81,Car,Red,45.3,HR70ZF9933,2026-06-20 13:45:22,Safe
82,Car,Blue,52.7,MH87OG5595,2026-06-20 13:45:22,Safe
81,Car,Red,45.3,HR70ZF9933,2026-06-20 13:45:23,Safe
82,Car,Blue,52.7,MH87OG5595,2026-06-20 13:45:23,Safe
83,Car,White,82.0,MH93VA4344,2026-06-20 13:45:23,Overspeed
81,Car,Red,45.3,HR70ZF9933,2026-06-20 13:45:24,Safe
82,Car,Blue,52.7,MH87OG5595,2026-06-20 13:45:24,Safe
83,Car,White,82.0,MH93VA4344,2026-06-20 13:45:24,Overspeed
81,Car,Red,45.3,HR70ZF9933,2026-06-20 13:45:25,Safe
82,Car,Blue,52.7,MH87OG5595,2026-06-20 13:45:25,Safe
83,Car,White,82.0,MH93VA4344,2026-06-20 13:45:26,Overspeed
81,Car,Red,45.3,HR70ZF9933,2026-06-20 13:45:26,Safe
82,Car,Blue,52.7,MH87OG5595,2026-06-20 13:45:26,Safe
83,Car,White,82.0,MH93VA4344,2026-06-20 13:45:27,Overspeed
81,Car,Red,45.3,HR70ZF9933,2026-06-20 13:45:27,Safe
82,Car,Blue,52.7,MH87OG5595,2026-06-20 13:45:27,Safe
84,Car,Green,39.4,KA97HX2715,2026-06-20 13:45:28,Safe
84,Car,Green,39.4,KA97HX2715,2026-06-20 13:45:29,Safe
84,Car,Green,39.4,KA97HX2715,2026-06-20 13:45:30,Safe
84,Car,Green,39.4,KA97HX2715,2026-06-20 13:45:31,Safe
85,Motorcycle,Yellow,45.6,KA33OU2479,2026-06-20 13:45:32,Safe
84,Car,Green,39.4,KA97HX2715,2026-06-20 13:45:32,Safe
86,Motorcycle,Yellow,73.6,DL53QJ7079,2026-06-20 13:45:32,Overspeed
85,Motorcycle,Yellow,45.6,KA33OU2479,2026-06-20 13:45:33,Safe
84,Car,Green,39.4,KA97HX2715,2026-06-20 13:45:33,Safe
86,Motorcycle,Yellow,73.6,DL53QJ7079,2026-06-20 13:45:33,Overspeed
85,Motorcycle,Yellow,45.6,KA33OU2479,2026-06-20 13:45:34,Safe
84,Car,Green,39.4,KA97HX2715,2026-06-20 13:45:34,Safe
86,Motorcycle,Yellow,73.6,DL53QJ7079,2026-06-20 13:45:34,Overspeed
85,Motorcycle,Yellow,45.6,KA33OU2479,2026-06-20 13:45:35,Safe
84,Car,Green,39.4,KA97HX2715,2026-06-20 13:45:35,Safe
86,Motorcycle,Yellow,73.6,DL53QJ7079,2026-06-20 13:45:35,Overspeed
87,Bus,Blue,38.2,AP50VC6859,2026-06-20 13:45:36,Safe
85,Motorcycle,Yellow,45.6,KA33OU2479,2026-06-20 13:45:36,Safe
84,Car,Green,39.4,KA97HX2715,2026-06-20 13:45:36,Safe
86,Motorcycle,Yellow,73.6,DL53QJ7079,2026-06-20 13:45:36,Overspeed
87,Bus,Blue,38.2,AP50VC6859,2026-06-20 13:45:37,Safe
85,Motorcycle,Yellow,45.6,KA33OU2479,2026-06-20 13:45:37,Safe
87,Bus,Blue,38.2,AP50VC6859,2026-06-20 13:45:38,Safe
85,Motorcycle,Yellow,45.6,KA33OU2479,2026-06-20 13:45:38,Safe
87,Bus,Blue,38.2,AP50VC6859,2026-06-20 13:45:39,Safe
87,Bus,Blue,38.2,AP50VC6859,2026-06-20 13:45:40,Safe
87,Bus,Blue,38.2,AP50VC6859,2026-06-20 13:45:41,Safe
88,Car,Yellow,47.2,DL97YH2713,2026-06-20 13:45:41,Safe
87,Bus,Blue,38.2,AP50VC6859,2026-06-20 13:45:42,Safe
88,Car,Yellow,47.2,DL97YH2713,2026-06-20 13:45:42,Safe
87,Bus,Blue,38.2,AP50VC6859,2026-06-20 13:45:43,Safe
88,Car,Yellow,47.2,DL97YH2713,2026-06-20 13:45:43,Safe
87,Bus,Blue,38.2,AP50VC6859,2026-06-20 13:45:44,Safe
88,Car,Yellow,47.2,DL97YH2713,2026-06-20 13:45:44,Safe
89,Car,Green,53.4,MH95EO5978,2026-06-20 13:45:44,Safe
87,Bus,Blue,38.2,AP50VC6859,2026-06-20 13:45:45,Safe
88,Car,Yellow,47.2,DL97YH2713,2026-06-20 13:45:45,Safe
89,Car,Green,53.4,MH95EO5978,2026-06-20 13:45:45,Safe
88,Car,Yellow,47.2,DL97YH2713,2026-06-20 13:45:46,Safe
89,Car,Green,53.4,MH95EO5978,2026-06-20 13:45:46,Safe
90,Car,White,37.9,DL61GT9723,2026-06-20 13:45:46,Safe
88,Car,Yellow,47.2,DL97YH2713,2026-06-20 13:45:47,Safe
89,Car,Green,53.4,MH95EO5978,2026-06-20 13:45:47,Safe
90,Car,White,37.9,DL61GT9723,2026-06-20 13:45:47,Safe
88,Car,Yellow,47.2,DL97YH2713,2026-06-20 13:45:48,Safe
89,Car,Green,53.4,MH95EO5978,2026-06-20 13:45:48,Safe
90,Car,White,37.9,DL61GT9723,2026-06-20 13:45:48,Safe
89,Car,Green,53.4,MH95EO5978,2026-06-20 13:45:49,Safe
90,Car,White,37.9,DL61GT9723,2026-06-20 13:45:49,Safe
89,Car,Green,53.4,MH95EO5978,2026-06-20 13:45:50,Safe
90,Car,White,37.9,DL61GT9723,2026-06-20 13:45:50,Safe
89,Car,Green,53.4,MH95EO5978,2026-06-20 13:45:51,Safe
90,Car,White,37.9,DL61GT9723,2026-06-20 13:45:52,Safe
90,Car,White,37.9,DL61GT9723,2026-06-20 13:45:53,Safe
90,Car,White,37.9,DL61GT9723,2026-06-20 13:45:54,Safe
90,Car,White,37.9,DL61GT9723,2026-06-20 13:45:55,Safe
91,Truck,Green,77.9,HR99FV6345,2026-06-20 13:45:55,Overspeed
91,Truck,Green,77.9,HR99FV6345,2026-06-20 13:45:56,Overspeed
91,Truck,Green,77.9,HR99FV6345,2026-06-20 13:45:57,Overspeed
92,Car,Red,48.0,DL74RD6030,2026-06-20 13:45:58,Safe
91,Truck,Green,77.9,HR99FV6345,2026-06-20 13:45:58,Overspeed
92,Car,Red,48.0,DL74RD6030,2026-06-20 13:45:59,Safe
92,Car,Red,48.0,DL74RD6030,2026-06-20 13:46:00,Safe
93,Truck,Green,37.8,MH31JB6185,2026-06-20 13:46:00,Safe
92,Car,Red,48.0,DL74RD6030,2026-06-20 13:46:01,Safe
93,Truck,Green,37.8,MH31JB6185,2026-06-20 13:46:01,Safe
92,Car,Red,48.0,DL74RD6030,2026-06-20 13:46:02,Safe
93,Truck,Green,37.8,MH31JB6185,2026-06-20 13:46:02,Safe
93,Truck,Green,37.8,MH31JB6185,2026-06-20 13:46:03,Safe
93,Truck,Green,37.8,MH31JB6185,2026-06-20 13:46:04,Safe
94,Car,Blue,41.1,TS65NS1272,2026-06-20 13:46:04,Safe
93,Truck,Green,37.8,MH31JB6185,2026-06-20 13:46:05,Safe
94,Car,Blue,41.1,TS65NS1272,2026-06-20 13:46:05,Safe
93,Truck,Green,37.8,MH31JB6185,2026-06-20 13:46:06,Safe
94,Car,Blue,41.1,TS65NS1272,2026-06-20 13:46:06,Safe
95,Car,Red,41.3,KA95LK6275,2026-06-20 13:46:07,Safe
94,Car,Blue,41.1,TS65NS1272,2026-06-20 13:46:07,Safe
95,Car,Red,41.3,KA95LK6275,2026-06-20 13:46:08,Safe
94,Car,Blue,41.1,TS65NS1272,2026-06-20 13:46:08,Safe
95,Car,Red,41.3,KA95LK6275,2026-06-20 13:46:09,Safe
94,Car,Blue,41.1,TS65NS1272,2026-06-20 13:46:09,Safe
95,Car,Red,41.3,KA95LK6275,2026-06-20 13:46:10,Safe
95,Car,Red,41.3,KA95LK6275,2026-06-20 13:46:11,Safe
95,Car,Red,41.3,KA95LK6275,2026-06-20 13:46:12,Safe
96,Car,Green,50.9,DL54FT5899,2026-06-20 13:46:17,Safe
96,Car,Green,50.9,DL54FT5899,2026-06-20 13:46:18,Safe
96,Car,Green,50.9,DL54FT5899,2026-06-20 13:46:19,Safe
96,Car,Green,50.9,DL54FT5899,2026-06-20 13:46:20,Safe
96,Car,Green,50.9,DL54FT5899,2026-06-20 13:46:21,Safe
97,Car,Red,50.2,MH78HH6842,2026-06-20 13:46:22,Safe
97,Car,Red,50.2,MH78HH6842,2026-06-20 13:46:23,Safe
97,Car,Red,50.2,MH78HH6842,2026-06-20 13:46:24,Safe
98,Motorcycle,Black,44.3,AP51NF2854,2026-06-20 13:46:24,Safe
97,Car,Red,50.2,MH78HH6842,2026-06-20 13:46:25,Safe
98,Motorcycle,Black,44.3,AP51NF2854,2026-06-20 13:46:25,Safe
97,Car,Red,50.2,MH78HH6842,2026-06-20 13:46:26,Safe
98,Motorcycle,Black,44.3,AP51NF2854,2026-06-20 13:46:26,Safe
98,Motorcycle,Black,44.3,AP51NF2854,2026-06-20 13:46:27,Safe
99,Motorcycle,Red,48.9,DL93NM4724,2026-06-20 13:46:28,Safe
98,Motorcycle,Black,44.3,AP51NF2854,2026-06-20 13:46:28,Safe
100,Car,Red,77.5,MH81PN6991,2026-06-20 13:46:29,Overspeed
99,Motorcycle,Red,48.9,DL93NM4724,2026-06-20 13:46:29,Safe
100,Car,Red,77.5,MH81PN6991,2026-06-20 13:46:30,Overspeed
99,Motorcycle,Red,48.9,DL93NM4724,2026-06-20 13:46:30,Safe
100,Car,Red,77.5,MH81PN6991,2026-06-20 13:46:31,Overspeed
99,Motorcycle,Red,48.9,DL93NM4724,2026-06-20 13:46:31,Safe
100,Car,Red,77.5,MH81PN6991,2026-06-20 13:46:32,Overspeed
99,Motorcycle,Red,48.9,DL93NM4724,2026-06-20 13:46:32,Safe
101,Car,Red,49.7,MH82TM7864,2026-06-20 13:46:33,Safe
101,Car,Red,49.7,MH82TM7864,2026-06-20 13:46:34,Safe
102,Motorcycle,White,87.6,AP20LI5480,2026-06-20 13:46:34,Overspeed
101,Car,Red,49.7,MH82TM7864,2026-06-20 13:46:35,Safe
102,Motorcycle,White,87.6,AP20LI5480,2026-06-20 13:46:35,Overspeed
101,Car,Red,49.7,MH82TM7864,2026-06-20 13:46:36,Safe
102,Motorcycle,White,87.6,AP20LI5480,2026-06-20 13:46:36,Overspeed
101,Car,Red,49.7,MH82TM7864,2026-06-20 13:46:37,Safe
103,Motorcycle,Blue,51.4,HR47WQ5504,2026-06-20 13:46:38,Safe
103,Motorcycle,Blue,51.4,HR47WQ5504,2026-06-20 13:46:39,Safe
103,Motorcycle,Blue,51.4,HR47WQ5504,2026-06-20 13:46:40,Safe
104,Car,White,92.4,MH95PG8066,2026-06-20 13:46:41,Overspeed
103,Motorcycle,Blue,51.4,HR47WQ5504,2026-06-20 13:46:41,Safe
104,Car,White,92.4,MH95PG8066,2026-06-20 13:46:42,Overspeed
103,Motorcycle,Blue,51.4,HR47WQ5504,2026-06-20 13:46:42,Safe
105,Car,Yellow,52.8,HR32LX2589,2026-06-20 13:46:43,Safe
104,Car,White,92.4,MH95PG8066,2026-06-20 13:46:43,Overspeed
105,Car,Yellow,52.8,HR32LX2589,2026-06-20 13:46:44,Safe
105,Car,Yellow,52.8,HR32LX2589,2026-06-20 13:46:45,Safe
105,Car,Yellow,52.8,HR32LX2589,2026-06-20 13:46:46,Safe
105,Car,Yellow,52.8,HR32LX2589,2026-06-20 13:46:47,Safe
106,Truck,White,87.1,UP46PQ1708,2026-06-20 13:46:47,Overspeed
106,Truck,White,87.1,UP46PQ1708,2026-06-20 13:46:48,Overspeed
107,Motorcycle,Gray,38.5,TS86MB6645,2026-06-20 13:46:49,Safe
106,Truck,White,87.1,UP46PQ1708,2026-06-20 13:46:49,Overspeed
107,Motorcycle,Gray,38.5,TS86MB6645,2026-06-20 13:46:50,Safe
107,Motorcycle,Gray,38.5,TS86MB6645,2026-06-20 13:46:51,Safe
107,Motorcycle,Gray,38.5,TS86MB6645,2026-06-20 13:46:52,Safe
108,Car,White,51.1,UP12TN3434,2026-06-20 13:46:52,Safe
107,Motorcycle,Gray,38.5,TS86MB6645,2026-06-20 13:46:53,Safe
108,Car,White,51.1,UP12TN3434,2026-06-20 13:46:53,Safe
107,Motorcycle,Gray,38.5,TS86MB6645,2026-06-20 13:46:54,Safe
108,Car,White,51.1,UP12TN3434,2026-06-20 13:46:54,Safe
108,Car,White,51.1,UP12TN3434,2026-06-20 13:46:55,Safe
108,Car,White,51.1,UP12TN3434,2026-06-20 13:46:56,Safe
109,Bus,Black,42.1,KA80XW5160,2026-06-20 13:46:58,Safe
109,Bus,Black,42.1,KA80XW5160,2026-06-20 13:46:59,Safe
110,Truck,Yellow,41.1,AP70CU3668,2026-06-20 13:47:00,Safe
109,Bus,Black,42.1,KA80XW5160,2026-06-20 13:47:01,Safe
110,Truck,Yellow,41.1,AP70CU3668,2026-06-20 13:47:01,Safe
109,Bus,Black,42.1,KA80XW5160,2026-06-20 13:47:02,Safe
110,Truck,Yellow,41.1,AP70CU3668,2026-06-20 13:47:02,Safe
109,Bus,Black,42.1,KA80XW5160,2026-06-20 13:47:03,Safe
110,Truck,Yellow,41.1,AP70CU3668,2026-06-20 13:47:03,Safe
109,Bus,Black,42.1,KA80XW5160,2026-06-20 13:47:04,Safe
110,Truck,Yellow,41.1,AP70CU3668,2026-06-20 13:47:04,Safe
111,Motorcycle,Blue,43.7,HR49QP1701,2026-06-20 13:47:05,Safe
110,Truck,Yellow,41.1,AP70CU3668,2026-06-20 13:47:05,Safe
112,Car,Black,36.7,HR76ZJ7802,2026-06-20 13:47:05,Safe
111,Motorcycle,Blue,43.7,HR49QP1701,2026-06-20 13:47:06,Safe
112,Car,Black,36.7,HR76ZJ7802,2026-06-20 13:47:06,Safe
111,Motorcycle,Blue,43.7,HR49QP1701,2026-06-20 13:47:07,Safe
113,Motorcycle,Red,43.3,TS75ZF6465,2026-06-20 13:47:07,Safe
112,Car,Black,36.7,HR76ZJ7802,2026-06-20 13:47:08,Safe
111,Motorcycle,Blue,43.7,HR49QP1701,2026-06-20 13:47:08,Safe
113,Motorcycle,Red,43.3,TS75ZF6465,2026-06-20 13:47:08,Safe
112,Car,Black,36.7,HR76ZJ7802,2026-06-20 13:47:09,Safe
111,Motorcycle,Blue,43.7,HR49QP1701,2026-06-20 13:47:09,Safe
113,Motorcycle,Red,43.3,TS75ZF6465,2026-06-20 13:47:09,Safe
112,Car,Black,36.7,HR76ZJ7802,2026-06-20 13:47:10,Safe
111,Motorcycle,Blue,43.7,HR49QP1701,2026-06-20 13:47:10,Safe
113,Motorcycle,Red,43.3,TS75ZF6465,2026-06-20 13:47:10,Safe
112,Car,Black,36.7,HR76ZJ7802,2026-06-20 13:47:11,Safe
114,Car,Yellow,40.7,DL21NN1797,2026-06-20 13:47:11,Safe
113,Motorcycle,Red,43.3,TS75ZF6465,2026-06-20 13:47:11,Safe
112,Car,Black,36.7,HR76ZJ7802,2026-06-20 13:47:12,Safe
114,Car,Yellow,40.7,DL21NN1797,2026-06-20 13:47:12,Safe
113,Motorcycle,Red,43.3,TS75ZF6465,2026-06-20 13:47:12,Safe
115,Car,Blue,40.1,KA57MX2248,2026-06-20 13:47:13,Safe
114,Car,Yellow,40.7,DL21NN1797,2026-06-20 13:47:13,Safe
115,Car,Blue,40.1,KA57MX2248,2026-06-20 13:47:14,Safe
114,Car,Yellow,40.7,DL21NN1797,2026-06-20 13:47:14,Safe
115,Car,Blue,40.1,KA57MX2248,2026-06-20 13:47:15,Safe
114,Car,Yellow,40.7,DL21NN1797,2026-06-20 13:47:15,Safe
116,Car,Black,47.2,TS76LP5398,2026-06-20 13:47:15,Safe
115,Car,Blue,40.1,KA57MX2248,2026-06-20 13:47:16,Safe
114,Car,Yellow,40.7,DL21NN1797,2026-06-20 13:47:16,Safe
117,Truck,Red,39.8,DL59DM7126,2026-06-20 13:47:16,Safe
116,Car,Black,47.2,TS76LP5398,2026-06-20 13:47:16,Safe
115,Car,Blue,40.1,KA57MX2248,2026-06-20 13:47:17,Safe
117,Truck,Red,39.8,DL59DM7126,2026-06-20 13:47:17,Safe
116,Car,Black,47.2,TS76LP5398,2026-06-20 13:47:17,Safe
115,Car,Blue,40.1,KA57MX2248,2026-06-20 13:47:18,Safe
117,Truck,Red,39.8,DL59DM7126,2026-06-20 13:47:18,Safe
116,Car,Black,47.2,TS76LP5398,2026-06-20 13:47:18,Safe
117,Truck,Red,39.8,DL59DM7126,2026-06-20 13:47:19,Safe
116,Car,Black,47.2,TS76LP5398,2026-06-20 13:47:19,Safe
117,Truck,Red,39.8,DL59DM7126,2026-06-20 13:47:20,Safe
117,Truck,Red,39.8,DL59DM7126,2026-06-20 13:47:21,Safe
118,Car,Gray,45.4,KA30HU9603,2026-06-20 13:47:27,Safe
119,Car,White,53.1,HR79ZT1549,2026-06-20 13:47:28,Safe
118,Car,Gray,45.4,KA30HU9603,2026-06-20 13:47:28,Safe
119,Car,White,53.1,HR79ZT1549,2026-06-20 13:47:29,Safe
118,Car,Gray,45.4,KA30HU9603,2026-06-20 13:47:29,Safe
119,Car,White,53.1,HR79ZT1549,2026-06-20 13:47:30,Safe
118,Car,Gray,45.4,KA30HU9603,2026-06-20 13:47:30,Safe
119,Car,White,53.1,HR79ZT1549,2026-06-20 13:47:31,Safe
118,Car,Gray,45.4,KA30HU9603,2026-06-20 13:47:31,Safe
120,Car,Red,46.6,DL75PV4829,2026-06-20 13:47:31,Safe
119,Car,White,53.1,HR79ZT1549,2026-06-20 13:47:32,Safe
120,Car,Red,46.6,DL75PV4829,2026-06-20 13:47:32,Safe
120,Car,Red,46.6,DL75PV4829,2026-06-20 13:47:33,Safe
120,Car,Red,46.6,DL75PV4829,2026-06-20 13:47:34,Safe
120,Car,Red,46.6,DL75PV4829,2026-06-20 13:47:35,Safe
121,Car,Green,52.1,HR54TT6628,2026-06-20 13:47:37,Safe
121,Car,Green,52.1,HR54TT6628,2026-06-20 13:47:38,Safe
121,Car,Green,52.1,HR54TT6628,2026-06-20 13:47:39,Safe
122,Car,Green,81.0,TS10NA4178,2026-06-20 13:47:40,Overspeed
121,Car,Green,52.1,HR54TT6628,2026-06-20 13:47:40,Safe
122,Car,Green,81.0,TS10NA4178,2026-06-20 13:47:41,Overspeed
121,Car,Green,52.1,HR54TT6628,2026-06-20 13:47:41,Safe
122,Car,Green,81.0,TS10NA4178,2026-06-20 13:47:42,Overspeed
123,Car,Black,89.0,UP46CV6956,2026-06-20 13:47:46,Overspeed
123,Car,Black,89.0,UP46CV6956,2026-06-20 13:47:47,Overspeed
123,Car,Black,89.0,UP46CV6956,2026-06-20 13:47:48,Overspeed
124,Car,Red,47.6,UP56AP5882,2026-06-20 13:47:49,Safe
125,Car,Green,82.4,UP69IN6806,2026-06-20 13:47:49,Overspeed
124,Car,Red,47.6,UP56AP5882,2026-06-20 13:47:50,Safe
125,Car,Green,82.4,UP69IN6806,2026-06-20 13:47:50,Overspeed
124,Car,Red,47.6,UP56AP5882,2026-06-20 13:47:51,Safe
125,Car,Green,82.4,UP69IN6806,2026-06-20 13:47:51,Overspeed
124,Car,Red,47.6,UP56AP5882,2026-06-20 13:47:52,Safe
124,Car,Red,47.6,UP56AP5882,2026-06-20 13:47:53,Safe
126,Truck,Green,49.8,HR95GQ8052,2026-06-20 13:48:04,Safe
126,Truck,Green,49.8,HR95GQ8052,2026-06-20 13:48:05,Safe
126,Truck,Green,49.8,HR95GQ8052,2026-06-20 13:48:06,Safe
126,Truck,Green,49.8,HR95GQ8052,2026-06-20 13:48:07,Safe
126,Truck,Green,49.8,HR95GQ8052,2026-06-20 13:48:08,Safe
127,Bus,Green,45.0,AP30HB3732,2026-06-20 13:48:15,Safe
127,Bus,Green,45.0,AP30HB3732,2026-06-20 13:48:16,Safe
127,Bus,Green,45.0,AP30HB3732,2026-06-20 13:48:17,Safe
127,Bus,Green,45.0,AP30HB3732,2026-06-20 13:48:18,Safe
128,Car,Yellow,40.5,AP23PJ8165,2026-06-20 13:48:18,Safe
127,Bus,Green,45.0,AP30HB3732,2026-06-20 13:48:19,Safe
128,Car,Yellow,40.5,AP23PJ8165,2026-06-20 13:48:19,Safe
127,Bus,Green,45.0,AP30HB3732,2026-06-20 13:48:20,Safe
128,Car,Yellow,40.5,AP23PJ8165,2026-06-20 13:48:20,Safe
129,Car,Blue,43.7,DL68WX7434,2026-06-20 13:48:21,Safe
128,Car,Yellow,40.5,AP23PJ8165,2026-06-20 13:48:21,Safe
129,Car,Blue,43.7,DL68WX7434,2026-06-20 13:48:21,Safe
128,Car,Yellow,40.5,AP23PJ8165,2026-06-20 13:48:22,Safe
129,Car,Blue,43.7,DL68WX7434,2026-06-20 13:48:23,Safe
128,Car,Yellow,40.5,AP23PJ8165,2026-06-20 13:48:23,Safe
129,Car,Blue,43.7,DL68WX7434,2026-06-20 13:48:24,Safe
129,Car,Blue,43.7,DL68WX7434,2026-06-20 13:48:25,Safe
129,Car,Blue,43.7,DL68WX7434,2026-06-20 13:48:26,Safe
130,Car,Gray,44.9,DL27NU7249,2026-06-20 13:48:28,Safe
130,Car,Gray,44.9,DL27NU7249,2026-06-20 13:48:29,Safe
130,Car,Gray,44.9,DL27NU7249,2026-06-20 13:48:30,Safe
131,Car,Red,77.6,AP24QQ5834,2026-06-20 13:48:30,Overspeed
130,Car,Gray,44.9,DL27NU7249,2026-06-20 13:48:31,Safe
131,Car,Red,77.6,AP24QQ5834,2026-06-20 13:48:31,Overspeed
130,Car,Gray,44.9,DL27NU7249,2026-06-20 13:48:32,Safe
131,Car,Red,77.6,AP24QQ5834,2026-06-20 13:48:32,Overspeed
130,Car,Gray,44.9,DL27NU7249,2026-06-20 13:48:33,Safe
131,Car,Red,77.6,AP24QQ5834,2026-06-20 13:48:33,Overspeed
132,Car,Red,49.6,TS35NK5721,2026-06-20 13:48:33,Safe
132,Car,Red,49.6,TS35NK5721,2026-06-20 13:48:34,Safe
132,Car,Red,49.6,TS35NK5721,2026-06-20 13:48:35,Safe
133,Car,Blue,52.7,KA91LX5647,2026-06-20 13:48:36,Safe
132,Car,Red,49.6,TS35NK5721,2026-06-20 13:48:36,Safe
133,Car,Blue,52.7,KA91LX5647,2026-06-20 13:48:37,Safe
132,Car,Red,49.6,TS35NK5721,2026-06-20 13:48:37,Safe
133,Car,Blue,52.7,KA91LX5647,2026-06-20 13:48:38,Safe
133,Car,Blue,52.7,KA91LX5647,2026-06-20 13:48:39,Safe
134,Car,Green,36.2,MH70MO7383,2026-06-20 13:48:39,Safe
133,Car,Blue,52.7,KA91LX5647,2026-06-20 13:48:40,Safe
135,Car,Yellow,50.2,UP21VM3691,2026-06-20 13:48:40,Safe
134,Car,Green,36.2,MH70MO7383,2026-06-20 13:48:40,Safe
135,Car,Yellow,50.2,UP21VM3691,2026-06-20 13:48:41,Safe
134,Car,Green,36.2,MH70MO7383,2026-06-20 13:48:41,Safe
136,Car,Green,89.4,HR98UV3376,2026-06-20 13:48:42,Overspeed
135,Car,Yellow,50.2,UP21VM3691,2026-06-20 13:48:42,Safe
134,Car,Green,36.2,MH70MO7383,2026-06-20 13:48:42,Safe
136,Car,Green,89.4,HR98UV3376,2026-06-20 13:48:43,Overspeed
135,Car,Yellow,50.2,UP21VM3691,2026-06-20 13:48:43,Safe
134,Car,Green,36.2,MH70MO7383,2026-06-20 13:48:43,Safe
136,Car,Green,89.4,HR98UV3376,2026-06-20 13:48:44,Overspeed
135,Car,Yellow,50.2,UP21VM3691,2026-06-20 13:48:44,Safe
134,Car,Green,36.2,MH70MO7383,2026-06-20 13:48:44,Safe
134,Car,Green,36.2,MH70MO7383,2026-06-20 13:48:45,Safe
137,Car,Black,87.1,TS20TU2296,2026-06-20 13:48:51,Overspeed
137,Car,Black,87.1,TS20TU2296,2026-06-20 13:48:52,Overspeed
138,Car,Gray,36.9,DL13WP5158,2026-06-20 13:48:52,Safe
137,Car,Black,87.1,TS20TU2296,2026-06-20 13:48:53,Overspeed
138,Car,Gray,36.9,DL13WP5158,2026-06-20 13:48:53,Safe
139,Bus,Yellow,90.3,KA42WG8670,2026-06-20 13:48:53,Overspeed
138,Car,Gray,36.9,DL13WP5158,2026-06-20 13:48:54,Safe
139,Bus,Yellow,90.3,KA42WG8670,2026-06-20 13:48:54,Overspeed
138,Car,Gray,36.9,DL13WP5158,2026-06-20 13:48:55,Safe
139,Bus,Yellow,90.3,KA42WG8670,2026-06-20 13:48:55,Overspeed
140,Car,Black,79.4,HR46PG3108,2026-06-20 13:48:56,Overspeed
138,Car,Gray,36.9,DL13WP5158,2026-06-20 13:48:56,Safe
140,Car,Black,79.4,HR46PG3108,2026-06-20 13:48:57,Overspeed
138,Car,Gray,36.9,DL13WP5158,2026-06-20 13:48:57,Safe
140,Car,Black,79.4,HR46PG3108,2026-06-20 13:48:58,Overspeed
138,Car,Gray,36.9,DL13WP5158,2026-06-20 13:48:58,Safe
141,Car,Gray,84.5,HR53WW8917,2026-06-20 13:49:06,Overspeed
141,Car,Gray,84.5,HR53WW8917,2026-06-20 13:49:07,Overspeed
141,Car,Gray,84.5,HR53WW8917,2026-06-20 13:49:08,Overspeed
142,Bus,Black,42.4,MH71VN5864,2026-06-20 13:49:09,Safe
142,Bus,Black,42.4,MH71VN5864,2026-06-20 13:49:10,Safe
142,Bus,Black,42.4,MH71VN5864,2026-06-20 13:49:11,Safe
142,Bus,Black,42.4,MH71VN5864,2026-06-20 13:49:12,Safe
142,Bus,Black,42.4,MH71VN5864,2026-06-20 13:49:13,Safe
143,Truck,Yellow,45.2,KA65MK4126,2026-06-20 13:49:14,Safe
142,Bus,Black,42.4,MH71VN5864,2026-06-20 13:49:14,Safe
143,Truck,Yellow,45.2,KA65MK4126,2026-06-20 13:49:15,Safe
143,Truck,Yellow,45.2,KA65MK4126,2026-06-20 13:49:16,Safe
143,Truck,Yellow,45.2,KA65MK4126,2026-06-20 13:49:17,Safe
143,Truck,Yellow,45.2,KA65MK4126,2026-06-20 13:49:18,Safe
143,Truck,Yellow,45.2,KA65MK4126,2026-06-20 13:49:19,Safe
144,Car,Red,91.4,MH28OB5625,2026-06-20 13:49:23,Overspeed
144,Car,Red,91.4,MH28OB5625,2026-06-20 13:49:24,Overspeed
144,Car,Red,91.4,MH28OB5625,2026-06-20 13:49:25,Overspeed
145,Car,Black,82.6,HR48SR6833,2026-06-20 13:49:25,Overspeed
145,Car,Black,82.6,HR48SR6833,2026-06-20 13:49:26,Overspeed
145,Car,Black,82.6,HR48SR6833,2026-06-20 13:49:27,Overspeed
146,Car,Red,82.1,TS94NZ8039,2026-06-20 13:49:28,Overspeed
146,Car,Red,82.1,TS94NZ8039,2026-06-20 13:49:29,Overspeed
146,Car,Red,82.1,TS94NZ8039,2026-06-20 13:49:30,Overspeed
147,Motorcycle,Green,38.1,DL14WF8938,2026-06-20 13:49:32,Safe
148,Truck,Green,46.1,AP17KG2915,2026-06-20 13:49:32,Safe
147,Motorcycle,Green,38.1,DL14WF8938,2026-06-20 13:49:33,Safe
148,Truck,Green,46.1,AP17KG2915,2026-06-20 13:49:33,Safe
147,Motorcycle,Green,38.1,DL14WF8938,2026-06-20 13:49:34,Safe
149,Car,Blue,84.5,MH28QZ1370,2026-06-20 13:49:34,Overspeed
148,Truck,Green,46.1,AP17KG2915,2026-06-20 13:49:34,Safe
147,Motorcycle,Green,38.1,DL14WF8938,2026-06-20 13:49:35,Safe
150,Car,White,35.2,DL64HY3716,2026-06-20 13:49:35,Safe
149,Car,Blue,84.5,MH28QZ1370,2026-06-20 13:49:35,Overspeed
148,Truck,Green,46.1,AP17KG2915,2026-06-20 13:49:35,Safe
147,Motorcycle,Green,38.1,DL14WF8938,2026-06-20 13:49:36,Safe
150,Car,White,35.2,DL64HY3716,2026-06-20 13:49:36,Safe
149,Car,Blue,84.5,MH28QZ1370,2026-06-20 13:49:36,Overspeed
148,Truck,Green,46.1,AP17KG2915,2026-06-20 13:49:36,Safe
147,Motorcycle,Green,38.1,DL14WF8938,2026-06-20 13:49:37,Safe
150,Car,White,35.2,DL64HY3716,2026-06-20 13:49:37,Safe
149,Car,Blue,84.5,MH28QZ1370,2026-06-20 13:49:37,Overspeed
148,Truck,Green,46.1,AP17KG2915,2026-06-20 13:49:37,Safe
147,Motorcycle,Green,38.1,DL14WF8938,2026-06-20 13:49:38,Safe
150,Car,White,35.2,DL64HY3716,2026-06-20 13:49:38,Safe
151,Car,Red,90.9,KA73FC2197,2026-06-20 13:49:39,Overspeed
150,Car,White,35.2,DL64HY3716,2026-06-20 13:49:39,Safe
151,Car,Red,90.9,KA73FC2197,2026-06-20 13:49:40,Overspeed
150,Car,White,35.2,DL64HY3716,2026-06-20 13:49:40,Safe
152,Car,Yellow,90.1,DL18RH5290,2026-06-20 13:49:40,Overspeed
151,Car,Red,90.9,KA73FC2197,2026-06-20 13:49:41,Overspeed
150,Car,White,35.2,DL64HY3716,2026-06-20 13:49:41,Safe
152,Car,Yellow,90.1,DL18RH5290,2026-06-20 13:49:41,Overspeed
153,Motorcycle,Gray,91.4,UP54MN7898,2026-06-20 13:49:42,Overspeed
150,Car,White,35.2,DL64HY3716,2026-06-20 13:49:42,Safe
152,Car,Yellow,90.1,DL18RH5290,2026-06-20 13:49:42,Overspeed
153,Motorcycle,Gray,91.4,UP54MN7898,2026-06-20 13:49:43,Overspeed
154,Motorcycle,White,36.6,AP68YZ1581,2026-06-20 13:49:43,Safe
153,Motorcycle,Gray,91.4,UP54MN7898,2026-06-20 13:49:44,Overspeed
154,Motorcycle,White,36.6,AP68YZ1581,2026-06-20 13:49:44,Safe
155,Bus,Green,43.5,AP91QI3334,2026-06-20 13:49:45,Safe
154,Motorcycle,White,36.6,AP68YZ1581,2026-06-20 13:49:46,Safe
156,Car,Gray,49.9,MH73VW1680,2026-06-20 13:49:46,Safe
155,Bus,Green,43.5,AP91QI3334,2026-06-20 13:49:47,Safe
154,Motorcycle,White,36.6,AP68YZ1581,2026-06-20 13:49:47,Safe
156,Car,Gray,49.9,MH73VW1680,2026-06-20 13:49:47,Safe
155,Bus,Green,43.5,AP91QI3334,2026-06-20 13:49:48,Safe
154,Motorcycle,White,36.6,AP68YZ1581,2026-06-20 13:49:48,Safe
156,Car,Gray,49.9,MH73VW1680,2026-06-20 13:49:48,Safe
155,Bus,Green,43.5,AP91QI3334,2026-06-20 13:49:49,Safe
154,Motorcycle,White,36.6,AP68YZ1581,2026-06-20 13:49:49,Safe
156,Car,Gray,49.9,MH73VW1680,2026-06-20 13:49:49,Safe
155,Bus,Green,43.5,AP91QI3334,2026-06-20 13:49:50,Safe
156,Car,Gray,49.9,MH73VW1680,2026-06-20 13:49:50,Safe
155,Bus,Green,43.5,AP91QI3334,2026-06-20 13:49:51,Safe
157,Motorcycle,Red,76.9,DL47BF2872,2026-06-20 13:49:51,Overspeed
157,Motorcycle,Red,76.9,DL47BF2872,2026-06-20 13:49:52,Overspeed
158,Car,Black,37.1,AP24OT5711,2026-06-20 13:49:52,Safe
157,Motorcycle,Red,76.9,DL47BF2872,2026-06-20 13:49:53,Overspeed
158,Car,Black,37.1,AP24OT5711,2026-06-20 13:49:53,Safe
159,Car,Blue,48.8,MH97LQ8752,2026-06-20 13:49:54,Safe
158,Car,Black,37.1,AP24OT5711,2026-06-20 13:49:54,Safe
159,Car,Blue,48.8,MH97LQ8752,2026-06-20 13:49:55,Safe
158,Car,Black,37.1,AP24OT5711,2026-06-20 13:49:55,Safe
159,Car,Blue,48.8,MH97LQ8752,2026-06-20 13:49:56,Safe
158,Car,Black,37.1,AP24OT5711,2026-06-20 13:49:56,Safe
